"","BIOSAMPLE_ACCESSION","EXPSAMPLE_ACCESSION"
"1","BS709301","ES768711"
"2","BS709311","ES768712"
"3","BS709337","ES768713"
"4","BS709347","ES768714"
"5","BS709357","ES768715"
"6","BS709367","ES768716"
"7","BS709377","ES768717"
"8","BS709387","ES768718"
"9","BS709409","ES768719"
"10","BS709419","ES768720"
"11","BS709429","ES768721"
"12","BS709439","ES768722"
"13","BS709449","ES768723"
"14","BS709459","ES768724"
"15","BS709469","ES768725"
"16","BS709479","ES768726"
"17","BS709489","ES768727"
"18","BS709499","ES768728"
"19","BS709505","ES768729"
"20","BS709515","ES768730"
"21","BS709525","ES768731"
"22","BS709535","ES768732"
"23","BS709545","ES768733"
"24","BS709555","ES768734"
"25","BS709565","ES768735"
"26","BS709575","ES768736"
"27","BS709585","ES768737"
"28","BS709595","ES768738"
"29","BS709603","ES768739"
"30","BS709613","ES768740"
"31","BS709623","ES768741"
"32","BS709633","ES768742"
"33","BS709643","ES768743"
"34","BS709653","ES768744"
"35","BS709663","ES768745"
"36","BS709673","ES768746"
"37","BS709699","ES768747"
"38","BS709709","ES768748"
"39","BS709719","ES768749"
"40","BS709729","ES768750"
"41","BS709735","ES768751"
"42","BS709745","ES768752"
"43","BS709755","ES768753"
"44","BS709765","ES768754"
"45","BS709790","ES768755"
"46","BS709800","ES768756"
"47","BS709808","ES768757"
"48","BS709818","ES768758"
"49","BS709827","ES768759"
"50","BS709837","ES768760"
"51","BS709846","ES768761"
"52","BS709856","ES768762"
"53","BS709863","ES768763"
"54","BS709873","ES768764"
"55","BS709891","ES768765"
"56","BS709901","ES768766"
"57","BS709913","ES768767"
"58","BS709923","ES768768"
"59","BS709932","ES768769"
"60","BS709942","ES768770"
"61","BS709951","ES768771"
"62","BS709961","ES768772"
"63","BS709969","ES768773"
"64","BS709979","ES768774"
"65","BS709987","ES768775"
"66","BS709997","ES768776"
"67","BS710006","ES768777"
"68","BS710016","ES768778"
"69","BS710026","ES768779"
"70","BS710036","ES768780"
"71","BS710042","ES768781"
"72","BS710052","ES768782"
"73","BS710060","ES768783"
"74","BS710070","ES768784"
"75","BS709303","ES768785"
"76","BS709313","ES768786"
"77","BS709339","ES768787"
"78","BS709349","ES768788"
"79","BS709359","ES768789"
"80","BS709369","ES768790"
"81","BS709379","ES768791"
"82","BS709389","ES768792"
"83","BS709411","ES768793"
"84","BS709421","ES768794"
"85","BS709431","ES768795"
"86","BS709441","ES768796"
"87","BS709451","ES768797"
"88","BS709461","ES768798"
"89","BS709471","ES768799"
"90","BS709481","ES768800"
"91","BS709491","ES768801"
"92","BS709501","ES768802"
"93","BS709507","ES768803"
"94","BS709517","ES768804"
"95","BS709527","ES768805"
"96","BS709537","ES768806"
"97","BS709547","ES768807"
"98","BS709557","ES768808"
"99","BS709567","ES768809"
"100","BS709577","ES768810"
"101","BS709587","ES768811"
"102","BS709597","ES768812"
"103","BS709605","ES768813"
"104","BS709615","ES768814"
"105","BS709625","ES768815"
"106","BS709635","ES768816"
"107","BS709645","ES768817"
"108","BS709655","ES768818"
"109","BS709665","ES768819"
"110","BS709675","ES768820"
"111","BS709701","ES768821"
"112","BS709711","ES768822"
"113","BS709721","ES768823"
"114","BS709731","ES768824"
"115","BS709737","ES768825"
"116","BS709747","ES768826"
"117","BS709757","ES768827"
"118","BS709767","ES768828"
"119","BS709792","ES768829"
"120","BS709802","ES768830"
"121","BS709810","ES768831"
"122","BS709820","ES768832"
"123","BS709829","ES768833"
"124","BS709839","ES768834"
"125","BS709848","ES768835"
"126","BS709858","ES768836"
"127","BS709865","ES768837"
"128","BS709875","ES768838"
"129","BS709893","ES768839"
"130","BS709903","ES768840"
"131","BS709915","ES768841"
"132","BS709925","ES768842"
"133","BS709934","ES768843"
"134","BS709944","ES768844"
"135","BS709953","ES768845"
"136","BS709963","ES768846"
"137","BS709971","ES768847"
"138","BS709981","ES768848"
"139","BS709989","ES768849"
"140","BS709999","ES768850"
"141","BS710008","ES768851"
"142","BS710018","ES768852"
"143","BS710028","ES768853"
"144","BS710038","ES768854"
"145","BS710044","ES768855"
"146","BS710054","ES768856"
"147","BS710062","ES768857"
"148","BS710072","ES768858"
"149","BS709299","ES778317"
"150","BS709302","ES778318"
"151","BS709305","ES778319"
"152","BS709307","ES778320"
"153","BS709309","ES778321"
"154","BS709312","ES778322"
"155","BS709335","ES778323"
"156","BS709338","ES778324"
"157","BS709341","ES778325"
"158","BS709343","ES778326"
"159","BS709345","ES778327"
"160","BS709348","ES778328"
"161","BS709355","ES778329"
"162","BS709358","ES778330"
"163","BS709361","ES778331"
"164","BS709363","ES778332"
"165","BS709365","ES778333"
"166","BS709368","ES778334"
"167","BS709375","ES778335"
"168","BS709378","ES778336"
"169","BS709381","ES778337"
"170","BS709383","ES778338"
"171","BS709385","ES778339"
"172","BS709388","ES778340"
"173","BS709407","ES778341"
"174","BS709410","ES778342"
"175","BS709413","ES778343"
"176","BS709415","ES778344"
"177","BS709417","ES778345"
"178","BS709420","ES778346"
"179","BS709427","ES778347"
"180","BS709430","ES778348"
"181","BS709433","ES778349"
"182","BS709435","ES778350"
"183","BS709437","ES778351"
"184","BS709440","ES778352"
"185","BS709447","ES778353"
"186","BS709450","ES778354"
"187","BS709453","ES778355"
"188","BS709455","ES778356"
"189","BS709457","ES778357"
"190","BS709460","ES778358"
"191","BS709467","ES778359"
"192","BS709470","ES778360"
"193","BS709473","ES778361"
"194","BS709475","ES778362"
"195","BS709477","ES778363"
"196","BS709480","ES778364"
"197","BS709487","ES778365"
"198","BS709490","ES778366"
"199","BS709493","ES778367"
"200","BS709495","ES778368"
"201","BS709497","ES778369"
"202","BS709500","ES778370"
"203","BS709503","ES778371"
"204","BS709506","ES778372"
"205","BS709509","ES778373"
"206","BS709511","ES778374"
"207","BS709513","ES778375"
"208","BS709516","ES778376"
"209","BS709523","ES778377"
"210","BS709526","ES778378"
"211","BS709529","ES778379"
"212","BS709531","ES778380"
"213","BS709533","ES778381"
"214","BS709536","ES778382"
"215","BS709543","ES778383"
"216","BS709546","ES778384"
"217","BS709549","ES778385"
"218","BS709551","ES778386"
"219","BS709553","ES778387"
"220","BS709556","ES778388"
"221","BS709563","ES778389"
"222","BS709566","ES778390"
"223","BS709569","ES778391"
"224","BS709571","ES778392"
"225","BS709573","ES778393"
"226","BS709576","ES778394"
"227","BS709583","ES778395"
"228","BS709589","ES778396"
"229","BS709591","ES778397"
"230","BS709593","ES778398"
"231","BS709596","ES778399"
"232","BS709601","ES778400"
"233","BS709604","ES778401"
"234","BS709607","ES778402"
"235","BS709609","ES778403"
"236","BS709611","ES778404"
"237","BS709614","ES778405"
"238","BS709621","ES778406"
"239","BS709624","ES778407"
"240","BS709627","ES778408"
"241","BS709629","ES778409"
"242","BS709631","ES778410"
"243","BS709634","ES778411"
"244","BS709641","ES778412"
"245","BS709644","ES778413"
"246","BS709647","ES778414"
"247","BS709649","ES778415"
"248","BS709651","ES778416"
"249","BS709654","ES778417"
"250","BS709661","ES778418"
"251","BS709664","ES778419"
"252","BS709667","ES778420"
"253","BS709669","ES778421"
"254","BS709671","ES778422"
"255","BS709674","ES778423"
"256","BS709697","ES778424"
"257","BS709700","ES778425"
"258","BS709703","ES778426"
"259","BS709705","ES778427"
"260","BS709707","ES778428"
"261","BS709710","ES778429"
"262","BS709717","ES778430"
"263","BS709720","ES778431"
"264","BS709723","ES778432"
"265","BS709725","ES778433"
"266","BS709727","ES778434"
"267","BS709730","ES778435"
"268","BS709733","ES778436"
"269","BS709736","ES778437"
"270","BS709739","ES778438"
"271","BS709741","ES778439"
"272","BS709743","ES778440"
"273","BS709746","ES778441"
"274","BS709753","ES778442"
"275","BS709756","ES778443"
"276","BS709759","ES778444"
"277","BS709761","ES778445"
"278","BS709763","ES778446"
"279","BS709766","ES778447"
"280","BS709788","ES778448"
"281","BS709791","ES778449"
"282","BS709794","ES778450"
"283","BS709796","ES778451"
"284","BS709798","ES778452"
"285","BS709801","ES778453"
"286","BS709806","ES778454"
"287","BS709809","ES778455"
"288","BS709812","ES778456"
"289","BS709814","ES778457"
"290","BS709816","ES778458"
"291","BS709819","ES778459"
"292","BS709825","ES778460"
"293","BS709828","ES778461"
"294","BS709831","ES778462"
"295","BS709833","ES778463"
"296","BS709835","ES778464"
"297","BS709838","ES778465"
"298","BS709844","ES778466"
"299","BS709847","ES778467"
"300","BS709850","ES778468"
"301","BS709852","ES778469"
"302","BS709854","ES778470"
"303","BS709857","ES778471"
"304","BS709861","ES778472"
"305","BS709864","ES778473"
"306","BS709867","ES778474"
"307","BS709869","ES778475"
"308","BS709871","ES778476"
"309","BS709874","ES778477"
"310","BS709889","ES778478"
"311","BS709892","ES778479"
"312","BS709895","ES778480"
"313","BS709897","ES778481"
"314","BS709899","ES778482"
"315","BS709902","ES778483"
"316","BS709911","ES778484"
"317","BS709914","ES778485"
"318","BS709917","ES778486"
"319","BS709919","ES778487"
"320","BS709921","ES778488"
"321","BS709924","ES778489"
"322","BS709930","ES778490"
"323","BS709933","ES778491"
"324","BS709936","ES778492"
"325","BS709938","ES778493"
"326","BS709940","ES778494"
"327","BS709943","ES778495"
"328","BS709949","ES778496"
"329","BS709952","ES778497"
"330","BS709955","ES778498"
"331","BS709957","ES778499"
"332","BS709962","ES778500"
"333","BS709967","ES778501"
"334","BS709970","ES778502"
"335","BS709973","ES778503"
"336","BS709975","ES778504"
"337","BS709977","ES778505"
"338","BS709980","ES778506"
"339","BS709985","ES778507"
"340","BS709988","ES778508"
"341","BS709991","ES778509"
"342","BS709993","ES778510"
"343","BS709995","ES778511"
"344","BS709998","ES778512"
"345","BS710004","ES778513"
"346","BS710007","ES778514"
"347","BS710010","ES778515"
"348","BS710012","ES778516"
"349","BS710014","ES778517"
"350","BS710017","ES778518"
"351","BS710024","ES778519"
"352","BS710027","ES778520"
"353","BS710030","ES778521"
"354","BS710032","ES778522"
"355","BS710034","ES778523"
"356","BS710037","ES778524"
"357","BS710040","ES778525"
"358","BS710043","ES778526"
"359","BS710046","ES778527"
"360","BS710048","ES778528"
"361","BS710050","ES778529"
"362","BS710053","ES778530"
"363","BS710058","ES778531"
"364","BS710061","ES778532"
"365","BS710064","ES778533"
"366","BS710068","ES778534"
"367","BS710071","ES778535"
"368","BS709300","ES785588"
"369","BS709300","ES785589"
"370","BS709300","ES785590"
"371","BS709300","ES785591"
"372","BS709300","ES785592"
"373","BS709300","ES785593"
"374","BS709304","ES785594"
"375","BS709304","ES785595"
"376","BS709304","ES785596"
"377","BS709304","ES785597"
"378","BS709304","ES785598"
"379","BS709304","ES785599"
"380","BS709306","ES785600"
"381","BS709306","ES785601"
"382","BS709306","ES785602"
"383","BS709306","ES785603"
"384","BS709306","ES785604"
"385","BS709306","ES785605"
"386","BS709308","ES785606"
"387","BS709308","ES785607"
"388","BS709308","ES785608"
"389","BS709308","ES785609"
"390","BS709308","ES785610"
"391","BS709308","ES785611"
"392","BS709310","ES785612"
"393","BS709310","ES785613"
"394","BS709310","ES785614"
"395","BS709310","ES785615"
"396","BS709310","ES785616"
"397","BS709310","ES785617"
"398","BS709314","ES785618"
"399","BS709314","ES785619"
"400","BS709314","ES785620"
"401","BS709316","ES785621"
"402","BS709316","ES785622"
"403","BS709316","ES785623"
"404","BS709318","ES785624"
"405","BS709318","ES785625"
"406","BS709318","ES785626"
"407","BS709320","ES785627"
"408","BS709320","ES785628"
"409","BS709320","ES785629"
"410","BS709320","ES785630"
"411","BS709320","ES785631"
"412","BS709320","ES785632"
"413","BS709324","ES785633"
"414","BS709324","ES785634"
"415","BS709324","ES785635"
"416","BS709324","ES785636"
"417","BS709324","ES785637"
"418","BS709324","ES785638"
"419","BS709326","ES785639"
"420","BS709326","ES785640"
"421","BS709326","ES785641"
"422","BS709326","ES785642"
"423","BS709326","ES785643"
"424","BS709326","ES785644"
"425","BS709328","ES785645"
"426","BS709328","ES785646"
"427","BS709328","ES785647"
"428","BS709328","ES785648"
"429","BS709328","ES785649"
"430","BS709328","ES785650"
"431","BS709330","ES785651"
"432","BS709330","ES785652"
"433","BS709330","ES785653"
"434","BS709330","ES785654"
"435","BS709330","ES785655"
"436","BS709330","ES785656"
"437","BS709334","ES785657"
"438","BS709334","ES785658"
"439","BS709334","ES785659"
"440","BS709336","ES785660"
"441","BS709336","ES785661"
"442","BS709336","ES785662"
"443","BS709336","ES785663"
"444","BS709336","ES785664"
"445","BS709336","ES785665"
"446","BS709340","ES785666"
"447","BS709340","ES785667"
"448","BS709340","ES785668"
"449","BS709340","ES785669"
"450","BS709340","ES785670"
"451","BS709340","ES785671"
"452","BS709342","ES785672"
"453","BS709342","ES785673"
"454","BS709342","ES785674"
"455","BS709342","ES785675"
"456","BS709342","ES785676"
"457","BS709342","ES785677"
"458","BS709344","ES785678"
"459","BS709344","ES785679"
"460","BS709344","ES785680"
"461","BS709344","ES785681"
"462","BS709344","ES785682"
"463","BS709344","ES785683"
"464","BS709346","ES785684"
"465","BS709346","ES785685"
"466","BS709346","ES785686"
"467","BS709346","ES785687"
"468","BS709346","ES785688"
"469","BS709346","ES785761"
"470","BS709350","ES785762"
"471","BS709350","ES785763"
"472","BS709350","ES785764"
"473","BS709352","ES785765"
"474","BS709352","ES785766"
"475","BS709352","ES785767"
"476","BS709354","ES785768"
"477","BS709354","ES785769"
"478","BS709354","ES785770"
"479","BS709356","ES785771"
"480","BS709356","ES785772"
"481","BS709356","ES785773"
"482","BS709360","ES785774"
"483","BS709360","ES785775"
"484","BS709360","ES785776"
"485","BS709362","ES785777"
"486","BS709362","ES785778"
"487","BS709362","ES785779"
"488","BS709364","ES785780"
"489","BS709364","ES785781"
"490","BS709364","ES785782"
"491","BS709366","ES785783"
"492","BS709366","ES785784"
"493","BS709366","ES785785"
"494","BS709370","ES785786"
"495","BS709370","ES785787"
"496","BS709370","ES785788"
"497","BS709372","ES785789"
"498","BS709372","ES785790"
"499","BS709372","ES785791"
"500","BS709374","ES785792"
"501","BS709374","ES785793"
"502","BS709374","ES785794"
"503","BS709376","ES785795"
"504","BS709376","ES785796"
"505","BS709376","ES785797"
"506","BS709380","ES785798"
"507","BS709380","ES785799"
"508","BS709380","ES785800"
"509","BS709382","ES785801"
"510","BS709382","ES785802"
"511","BS709382","ES785803"
"512","BS709384","ES785804"
"513","BS709384","ES785805"
"514","BS709384","ES785806"
"515","BS709386","ES785807"
"516","BS709386","ES785808"
"517","BS709386","ES785809"
"518","BS709390","ES785810"
"519","BS709390","ES785811"
"520","BS709390","ES785812"
"521","BS709392","ES785813"
"522","BS709392","ES785814"
"523","BS709392","ES785815"
"524","BS709394","ES785816"
"525","BS709394","ES785817"
"526","BS709394","ES785818"
"527","BS709396","ES785819"
"528","BS709396","ES785820"
"529","BS709396","ES785821"
"530","BS709400","ES785822"
"531","BS709400","ES785823"
"532","BS709400","ES785824"
"533","BS709402","ES785825"
"534","BS709402","ES785826"
"535","BS709402","ES785827"
"536","BS709404","ES785828"
"537","BS709404","ES785829"
"538","BS709404","ES785830"
"539","BS709406","ES785831"
"540","BS709406","ES785832"
"541","BS709406","ES785833"
"542","BS709408","ES785834"
"543","BS709408","ES785835"
"544","BS709408","ES785836"
"545","BS709412","ES785837"
"546","BS709412","ES785838"
"547","BS709412","ES785839"
"548","BS709414","ES785840"
"549","BS709414","ES785841"
"550","BS709414","ES785842"
"551","BS709416","ES785843"
"552","BS709416","ES785844"
"553","BS709416","ES785845"
"554","BS709418","ES785846"
"555","BS709418","ES785847"
"556","BS709418","ES785848"
"557","BS709424","ES785849"
"558","BS709424","ES785850"
"559","BS709424","ES785851"
"560","BS709424","ES785852"
"561","BS709424","ES785853"
"562","BS709424","ES785854"
"563","BS709426","ES785855"
"564","BS709426","ES785856"
"565","BS709426","ES785857"
"566","BS709428","ES785858"
"567","BS709428","ES785859"
"568","BS709428","ES785860"
"569","BS709432","ES785861"
"570","BS709432","ES785862"
"571","BS709432","ES785863"
"572","BS709434","ES785864"
"573","BS709434","ES785865"
"574","BS709434","ES785866"
"575","BS709436","ES785867"
"576","BS709436","ES785868"
"577","BS709436","ES785869"
"578","BS709438","ES785870"
"579","BS709438","ES785871"
"580","BS709438","ES785872"
"581","BS709442","ES785873"
"582","BS709442","ES785874"
"583","BS709442","ES785875"
"584","BS709444","ES785876"
"585","BS709444","ES785877"
"586","BS709444","ES785878"
"587","BS709446","ES785879"
"588","BS709446","ES785880"
"589","BS709446","ES785881"
"590","BS709448","ES785882"
"591","BS709448","ES785883"
"592","BS709448","ES785884"
"593","BS709452","ES785885"
"594","BS709452","ES785886"
"595","BS709452","ES785887"
"596","BS709454","ES785888"
"597","BS709454","ES785889"
"598","BS709454","ES785890"
"599","BS709456","ES785891"
"600","BS709456","ES785892"
"601","BS709456","ES785893"
"602","BS709458","ES785894"
"603","BS709458","ES785895"
"604","BS709458","ES785896"
"605","BS709462","ES785897"
"606","BS709462","ES785898"
"607","BS709462","ES785899"
"608","BS709464","ES785900"
"609","BS709464","ES785901"
"610","BS709464","ES785902"
"611","BS709466","ES785903"
"612","BS709466","ES785904"
"613","BS709466","ES785905"
"614","BS709468","ES785906"
"615","BS709468","ES785907"
"616","BS709468","ES785908"
"617","BS709472","ES785909"
"618","BS709472","ES785910"
"619","BS709472","ES785911"
"620","BS709474","ES785912"
"621","BS709474","ES785913"
"622","BS709474","ES785914"
"623","BS709476","ES785915"
"624","BS709476","ES785916"
"625","BS709476","ES785917"
"626","BS709478","ES785918"
"627","BS709478","ES785919"
"628","BS709478","ES785920"
"629","BS709482","ES785921"
"630","BS709482","ES785922"
"631","BS709482","ES785923"
"632","BS709484","ES785924"
"633","BS709484","ES785925"
"634","BS709484","ES785926"
"635","BS709486","ES785927"
"636","BS709486","ES785928"
"637","BS709486","ES785929"
"638","BS709488","ES785930"
"639","BS709488","ES785931"
"640","BS709488","ES785932"
"641","BS709492","ES785933"
"642","BS709492","ES785934"
"643","BS709492","ES785935"
"644","BS709494","ES785936"
"645","BS709494","ES785937"
"646","BS709494","ES785938"
"647","BS709496","ES785939"
"648","BS709496","ES785940"
"649","BS709496","ES785941"
"650","BS709498","ES785942"
"651","BS709498","ES785943"
"652","BS709498","ES785944"
"653","BS709502","ES785945"
"654","BS709502","ES785946"
"655","BS709502","ES785947"
"656","BS709504","ES785948"
"657","BS709504","ES785949"
"658","BS709504","ES785950"
"659","BS709508","ES785951"
"660","BS709508","ES785952"
"661","BS709508","ES785953"
"662","BS709510","ES785954"
"663","BS709510","ES785955"
"664","BS709510","ES785956"
"665","BS709512","ES785957"
"666","BS709512","ES785958"
"667","BS709512","ES785959"
"668","BS709514","ES785960"
"669","BS709514","ES785961"
"670","BS709514","ES785962"
"671","BS709518","ES785963"
"672","BS709518","ES785964"
"673","BS709518","ES785965"
"674","BS709520","ES785966"
"675","BS709520","ES785967"
"676","BS709520","ES785968"
"677","BS709522","ES785969"
"678","BS709522","ES785970"
"679","BS709522","ES785971"
"680","BS709524","ES785972"
"681","BS709524","ES785973"
"682","BS709524","ES785974"
"683","BS709528","ES785975"
"684","BS709528","ES785976"
"685","BS709528","ES785977"
"686","BS709530","ES785978"
"687","BS709530","ES785979"
"688","BS709530","ES785980"
"689","BS709532","ES785981"
"690","BS709532","ES785982"
"691","BS709532","ES785983"
"692","BS709534","ES785984"
"693","BS709534","ES785985"
"694","BS709534","ES785986"
"695","BS709538","ES785987"
"696","BS709538","ES785988"
"697","BS709538","ES785989"
"698","BS709540","ES785990"
"699","BS709540","ES785991"
"700","BS709540","ES785992"
"701","BS709542","ES785993"
"702","BS709542","ES785994"
"703","BS709542","ES785995"
"704","BS709544","ES785996"
"705","BS709544","ES785997"
"706","BS709544","ES785998"
"707","BS709548","ES785999"
"708","BS709548","ES786000"
"709","BS709548","ES786001"
"710","BS709550","ES786002"
"711","BS709550","ES786003"
"712","BS709550","ES786004"
"713","BS709552","ES786005"
"714","BS709552","ES786006"
"715","BS709552","ES786007"
"716","BS709554","ES786008"
"717","BS709554","ES786009"
"718","BS709554","ES786010"
"719","BS709558","ES786011"
"720","BS709558","ES786012"
"721","BS709558","ES786013"
"722","BS709560","ES786014"
"723","BS709560","ES786015"
"724","BS709560","ES786016"
"725","BS709562","ES786017"
"726","BS709562","ES786018"
"727","BS709562","ES786019"
"728","BS709564","ES786020"
"729","BS709564","ES786021"
"730","BS709564","ES786022"
"731","BS709568","ES786023"
"732","BS709568","ES786024"
"733","BS709568","ES786025"
"734","BS709570","ES786026"
"735","BS709570","ES786027"
"736","BS709570","ES786028"
"737","BS709572","ES786029"
"738","BS709572","ES786030"
"739","BS709572","ES786031"
"740","BS709574","ES786032"
"741","BS709574","ES786033"
"742","BS709574","ES786034"
"743","BS709578","ES786035"
"744","BS709578","ES786036"
"745","BS709578","ES786037"
"746","BS709580","ES786038"
"747","BS709580","ES786039"
"748","BS709580","ES786040"
"749","BS709582","ES786041"
"750","BS709582","ES786042"
"751","BS709582","ES786043"
"752","BS709584","ES786044"
"753","BS709584","ES786045"
"754","BS709584","ES786046"
"755","BS709588","ES786047"
"756","BS709588","ES786048"
"757","BS709588","ES786049"
"758","BS709590","ES786050"
"759","BS709590","ES786051"
"760","BS709590","ES786052"
"761","BS709592","ES786053"
"762","BS709592","ES786054"
"763","BS709592","ES786055"
"764","BS709594","ES786056"
"765","BS709594","ES786057"
"766","BS709594","ES786058"
"767","BS709598","ES786059"
"768","BS709598","ES786060"
"769","BS709598","ES786061"
"770","BS709600","ES786062"
"771","BS709600","ES786068"
"772","BS709600","ES786069"
"773","BS709602","ES786070"
"774","BS709602","ES786071"
"775","BS709602","ES786072"
"776","BS709606","ES786073"
"777","BS709606","ES786074"
"778","BS709606","ES786075"
"779","BS709608","ES786076"
"780","BS709608","ES786077"
"781","BS709608","ES786078"
"782","BS709610","ES786079"
"783","BS709610","ES786080"
"784","BS709610","ES786081"
"785","BS709612","ES786082"
"786","BS709612","ES786083"
"787","BS709612","ES786084"
"788","BS709616","ES786085"
"789","BS709616","ES786086"
"790","BS709616","ES786087"
"791","BS709618","ES786088"
"792","BS709618","ES786089"
"793","BS709618","ES786090"
"794","BS709620","ES786091"
"795","BS709620","ES786092"
"796","BS709620","ES786093"
"797","BS709622","ES786094"
"798","BS709622","ES786095"
"799","BS709622","ES786096"
"800","BS709626","ES786097"
"801","BS709626","ES786098"
"802","BS709626","ES786099"
"803","BS709628","ES786100"
"804","BS709628","ES786101"
"805","BS709628","ES786102"
"806","BS709630","ES786103"
"807","BS709630","ES786104"
"808","BS709630","ES786105"
"809","BS709632","ES786106"
"810","BS709632","ES786107"
"811","BS709632","ES786108"
"812","BS709636","ES786109"
"813","BS709636","ES786110"
"814","BS709636","ES786111"
"815","BS709638","ES786112"
"816","BS709638","ES786113"
"817","BS709638","ES786114"
"818","BS709640","ES786115"
"819","BS709640","ES786116"
"820","BS709640","ES786117"
"821","BS709642","ES786118"
"822","BS709642","ES786119"
"823","BS709642","ES786120"
"824","BS709646","ES786121"
"825","BS709646","ES786122"
"826","BS709646","ES786123"
"827","BS709648","ES786124"
"828","BS709648","ES786125"
"829","BS709648","ES786126"
"830","BS709650","ES786127"
"831","BS709650","ES786128"
"832","BS709650","ES786129"
"833","BS709652","ES786130"
"834","BS709652","ES786131"
"835","BS709652","ES786132"
"836","BS709656","ES786133"
"837","BS709656","ES786134"
"838","BS709656","ES786135"
"839","BS709658","ES786136"
"840","BS709658","ES786137"
"841","BS709658","ES786138"
"842","BS709660","ES786139"
"843","BS709660","ES786140"
"844","BS709660","ES786141"
"845","BS709662","ES786142"
"846","BS709662","ES786143"
"847","BS709662","ES786144"
"848","BS709666","ES786145"
"849","BS709666","ES786146"
"850","BS709666","ES786147"
"851","BS709668","ES786148"
"852","BS709668","ES786149"
"853","BS709668","ES786150"
"854","BS709670","ES786151"
"855","BS709670","ES786152"
"856","BS709670","ES786153"
"857","BS709672","ES786154"
"858","BS709672","ES786155"
"859","BS709672","ES786156"
"860","BS709676","ES786157"
"861","BS709676","ES786158"
"862","BS709676","ES786159"
"863","BS709678","ES786160"
"864","BS709678","ES786161"
"865","BS709678","ES786162"
"866","BS709680","ES786183"
"867","BS709680","ES786184"
"868","BS709680","ES786185"
"869","BS709682","ES786186"
"870","BS709682","ES786187"
"871","BS709682","ES786188"
"872","BS709686","ES786189"
"873","BS709686","ES786190"
"874","BS709686","ES786191"
"875","BS709688","ES786192"
"876","BS709688","ES786193"
"877","BS709688","ES786194"
"878","BS709690","ES786195"
"879","BS709690","ES786196"
"880","BS709690","ES786197"
"881","BS709692","ES786198"
"882","BS709692","ES786199"
"883","BS709692","ES786200"
"884","BS709698","ES786201"
"885","BS709698","ES786202"
"886","BS709698","ES786203"
"887","BS709702","ES786204"
"888","BS709702","ES786205"
"889","BS709702","ES786206"
"890","BS709704","ES786207"
"891","BS709704","ES786208"
"892","BS709704","ES786209"
"893","BS709706","ES786210"
"894","BS709706","ES786211"
"895","BS709706","ES786212"
"896","BS709708","ES786213"
"897","BS709708","ES786214"
"898","BS709708","ES786215"
"899","BS709712","ES786216"
"900","BS709712","ES786217"
"901","BS709712","ES786218"
"902","BS709714","ES786219"
"903","BS709714","ES786220"
"904","BS709714","ES786221"
"905","BS709716","ES786222"
"906","BS709716","ES786223"
"907","BS709716","ES786224"
"908","BS709718","ES786225"
"909","BS709718","ES786226"
"910","BS709718","ES786227"
"911","BS709722","ES786228"
"912","BS709722","ES786229"
"913","BS709722","ES786230"
"914","BS709724","ES786231"
"915","BS709724","ES786232"
"916","BS709724","ES786233"
"917","BS709726","ES786234"
"918","BS709726","ES786235"
"919","BS709726","ES786236"
"920","BS709728","ES786237"
"921","BS709728","ES786238"
"922","BS709728","ES786239"
"923","BS709732","ES786240"
"924","BS709732","ES786241"
"925","BS709732","ES786242"
"926","BS709734","ES786243"
"927","BS709734","ES786244"
"928","BS709734","ES786245"
"929","BS709738","ES786246"
"930","BS709738","ES786247"
"931","BS709738","ES786248"
"932","BS709740","ES786249"
"933","BS709740","ES786250"
"934","BS709740","ES786251"
"935","BS709742","ES786252"
"936","BS709742","ES786253"
"937","BS709742","ES786254"
"938","BS709744","ES786255"
"939","BS709744","ES786256"
"940","BS709744","ES786257"
"941","BS709748","ES786258"
"942","BS709748","ES786259"
"943","BS709748","ES786260"
"944","BS709750","ES786261"
"945","BS709750","ES786262"
"946","BS709750","ES786263"
"947","BS709752","ES786264"
"948","BS709752","ES786265"
"949","BS709752","ES786266"
"950","BS709754","ES786267"
"951","BS709754","ES786268"
"952","BS709754","ES786269"
"953","BS709758","ES786270"
"954","BS709758","ES786271"
"955","BS709758","ES786272"
"956","BS709760","ES786273"
"957","BS709760","ES786274"
"958","BS709760","ES786275"
"959","BS709762","ES786276"
"960","BS709762","ES786277"
"961","BS709762","ES786278"
"962","BS709764","ES786279"
"963","BS709764","ES786280"
"964","BS709764","ES786281"
"965","BS709768","ES786282"
"966","BS709768","ES786283"
"967","BS709768","ES786308"
"968","BS709770","ES786309"
"969","BS709770","ES786310"
"970","BS709770","ES786311"
"971","BS709771","ES786312"
"972","BS709771","ES786313"
"973","BS709771","ES786314"
"974","BS709777","ES786315"
"975","BS709777","ES786316"
"976","BS709777","ES786317"
"977","BS709776","ES786318"
"978","BS709776","ES786319"
"979","BS709776","ES786320"
"980","BS709779","ES786321"
"981","BS709779","ES786322"
"982","BS709779","ES786323"
"983","BS709783","ES786324"
"984","BS709783","ES786325"
"985","BS709783","ES786326"
"986","BS709785","ES786327"
"987","BS709785","ES786328"
"988","BS709785","ES786329"
"989","BS709787","ES786330"
"990","BS709787","ES786331"
"991","BS709787","ES786332"
"992","BS709789","ES786333"
"993","BS709789","ES786334"
"994","BS709789","ES786335"
"995","BS709793","ES786336"
"996","BS709793","ES786337"
"997","BS709793","ES786338"
"998","BS709795","ES786339"
"999","BS709795","ES786340"
"1000","BS709795","ES786341"
"1001","BS709797","ES786342"
"1002","BS709797","ES786343"
"1003","BS709797","ES786344"
"1004","BS709799","ES786345"
"1005","BS709799","ES786346"
"1006","BS709799","ES786347"
"1007","BS709803","ES786348"
"1008","BS709803","ES786349"
"1009","BS709803","ES786350"
"1010","BS709804","ES786351"
"1011","BS709804","ES786352"
"1012","BS709804","ES786353"
"1013","BS709805","ES786354"
"1014","BS709805","ES786355"
"1015","BS709805","ES786356"
"1016","BS709807","ES786357"
"1017","BS709807","ES786358"
"1018","BS709807","ES786359"
"1019","BS709811","ES786360"
"1020","BS709811","ES786361"
"1021","BS709811","ES786362"
"1022","BS709813","ES786363"
"1023","BS709813","ES786364"
"1024","BS709813","ES786365"
"1025","BS709815","ES786366"
"1026","BS709815","ES786367"
"1027","BS709815","ES786368"
"1028","BS709817","ES786369"
"1029","BS709817","ES786370"
"1030","BS709817","ES786371"
"1031","BS709821","ES786372"
"1032","BS709821","ES786373"
"1033","BS709821","ES786374"
"1034","BS709823","ES786375"
"1035","BS709823","ES786376"
"1036","BS709823","ES786377"
"1037","BS709824","ES786378"
"1038","BS709824","ES786379"
"1039","BS709824","ES786380"
"1040","BS709826","ES786381"
"1041","BS709826","ES786382"
"1042","BS709826","ES786383"
"1043","BS709830","ES786384"
"1044","BS709830","ES786385"
"1045","BS709830","ES786386"
"1046","BS709832","ES786387"
"1047","BS709832","ES786388"
"1048","BS709832","ES786389"
"1049","BS709834","ES786390"
"1050","BS709834","ES786391"
"1051","BS709834","ES786392"
"1052","BS709836","ES786393"
"1053","BS709836","ES786394"
"1054","BS709836","ES786395"
"1055","BS709840","ES786396"
"1056","BS709840","ES786397"
"1057","BS709840","ES786398"
"1058","BS709842","ES786399"
"1059","BS709842","ES786400"
"1060","BS709842","ES786401"
"1061","BS709843","ES786402"
"1062","BS709843","ES786403"
"1063","BS709843","ES786404"
"1064","BS709845","ES786405"
"1065","BS709845","ES786406"
"1066","BS709845","ES786407"
"1067","BS709849","ES786408"
"1068","BS709849","ES786409"
"1069","BS709849","ES786410"
"1070","BS709851","ES786411"
"1071","BS709851","ES786412"
"1072","BS709851","ES786413"
"1073","BS709853","ES786414"
"1074","BS709853","ES786415"
"1075","BS709853","ES786416"
"1076","BS709855","ES786417"
"1077","BS709855","ES786418"
"1078","BS709855","ES786419"
"1079","BS709859","ES786420"
"1080","BS709859","ES786421"
"1081","BS709859","ES786422"
"1082","BS709860","ES786423"
"1083","BS709860","ES786424"
"1084","BS709860","ES786425"
"1085","BS709862","ES786426"
"1086","BS709862","ES786427"
"1087","BS709862","ES786428"
"1088","BS709866","ES786429"
"1089","BS709866","ES786430"
"1090","BS709866","ES786431"
"1091","BS709868","ES786432"
"1092","BS709868","ES786433"
"1093","BS709868","ES786434"
"1094","BS709870","ES786435"
"1095","BS709870","ES786436"
"1096","BS709870","ES786437"
"1097","BS709872","ES786438"
"1098","BS709872","ES786439"
"1099","BS709872","ES786440"
"1100","BS709876","ES786441"
"1101","BS709876","ES786442"
"1102","BS709876","ES786443"
"1103","BS709878","ES786444"
"1104","BS709878","ES786445"
"1105","BS709878","ES786446"
"1106","BS709882","ES786447"
"1107","BS709882","ES786448"
"1108","BS709882","ES786449"
"1109","BS709884","ES786450"
"1110","BS709884","ES786451"
"1111","BS709884","ES786452"
"1112","BS709886","ES786453"
"1113","BS709886","ES786454"
"1114","BS709886","ES786455"
"1115","BS709888","ES786456"
"1116","BS709888","ES786457"
"1117","BS709888","ES786458"
"1118","BS709890","ES786459"
"1119","BS709890","ES786460"
"1120","BS709890","ES786461"
"1121","BS709894","ES786462"
"1122","BS709894","ES786463"
"1123","BS709894","ES786464"
"1124","BS709896","ES786465"
"1125","BS709896","ES786466"
"1126","BS709896","ES786467"
"1127","BS709898","ES786468"
"1128","BS709898","ES786469"
"1129","BS709898","ES786470"
"1130","BS709900","ES786471"
"1131","BS709900","ES786472"
"1132","BS709900","ES786473"
"1133","BS709904","ES786474"
"1134","BS709904","ES786475"
"1135","BS709904","ES786476"
"1136","BS709906","ES786477"
"1137","BS709906","ES786478"
"1138","BS709906","ES786479"
"1139","BS709908","ES786480"
"1140","BS709908","ES786505"
"1141","BS709908","ES786506"
"1142","BS709910","ES786507"
"1143","BS709910","ES786508"
"1144","BS709910","ES786509"
"1145","BS709912","ES786510"
"1146","BS709912","ES786511"
"1147","BS709912","ES786512"
"1148","BS709916","ES786513"
"1149","BS709916","ES786514"
"1150","BS709916","ES786515"
"1151","BS709918","ES786516"
"1152","BS709918","ES786517"
"1153","BS709918","ES786518"
"1154","BS709920","ES786519"
"1155","BS709920","ES786520"
"1156","BS709920","ES786521"
"1157","BS709922","ES786522"
"1158","BS709922","ES786523"
"1159","BS709922","ES786524"
"1160","BS709926","ES786525"
"1161","BS709926","ES786526"
"1162","BS709926","ES786527"
"1163","BS709928","ES786528"
"1164","BS709928","ES786529"
"1165","BS709928","ES786530"
"1166","BS709929","ES786531"
"1167","BS709929","ES786532"
"1168","BS709929","ES786533"
"1169","BS709931","ES786534"
"1170","BS709931","ES786535"
"1171","BS709931","ES786536"
"1172","BS709935","ES786537"
"1173","BS709935","ES786538"
"1174","BS709935","ES786539"
"1175","BS709937","ES786540"
"1176","BS709937","ES786541"
"1177","BS709937","ES786542"
"1178","BS709939","ES786543"
"1179","BS709939","ES786544"
"1180","BS709939","ES786545"
"1181","BS709941","ES786546"
"1182","BS709941","ES786547"
"1183","BS709941","ES786548"
"1184","BS709945","ES786549"
"1185","BS709945","ES786550"
"1186","BS709945","ES786551"
"1187","BS709947","ES786552"
"1188","BS709947","ES786553"
"1189","BS709947","ES786554"
"1190","BS709948","ES786555"
"1191","BS709948","ES786556"
"1192","BS709948","ES786557"
"1193","BS709950","ES786558"
"1194","BS709950","ES786559"
"1195","BS709950","ES786560"
"1196","BS709954","ES786561"
"1197","BS709954","ES786562"
"1198","BS709954","ES786563"
"1199","BS709956","ES786564"
"1200","BS709956","ES786565"
"1201","BS709956","ES786566"
"1202","BS709958","ES786567"
"1203","BS709958","ES786568"
"1204","BS709958","ES786569"
"1205","BS709960","ES786570"
"1206","BS709960","ES786571"
"1207","BS709960","ES786572"
"1208","BS709964","ES786573"
"1209","BS709964","ES786574"
"1210","BS709964","ES786575"
"1211","BS709966","ES786576"
"1212","BS709966","ES786577"
"1213","BS709966","ES786578"
"1214","BS709968","ES786579"
"1215","BS709968","ES786580"
"1216","BS709968","ES786581"
"1217","BS709972","ES786582"
"1218","BS709972","ES786583"
"1219","BS709972","ES786584"
"1220","BS709974","ES786585"
"1221","BS709974","ES786586"
"1222","BS709974","ES786587"
"1223","BS709976","ES786588"
"1224","BS709976","ES786589"
"1225","BS709976","ES786590"
"1226","BS709978","ES786591"
"1227","BS709978","ES786592"
"1228","BS709978","ES786593"
"1229","BS709982","ES786594"
"1230","BS709982","ES786595"
"1231","BS709982","ES786596"
"1232","BS709984","ES786597"
"1233","BS709984","ES786598"
"1234","BS709984","ES786599"
"1235","BS709986","ES786600"
"1236","BS709986","ES786601"
"1237","BS709986","ES786602"
"1238","BS709990","ES786603"
"1239","BS709990","ES786604"
"1240","BS709990","ES786605"
"1241","BS709992","ES786606"
"1242","BS709992","ES786607"
"1243","BS709992","ES786608"
"1244","BS709994","ES786609"
"1245","BS709994","ES786610"
"1246","BS709994","ES786611"
"1247","BS709996","ES786612"
"1248","BS709996","ES786613"
"1249","BS709996","ES786614"
"1250","BS710000","ES786615"
"1251","BS710000","ES786616"
"1252","BS710000","ES786617"
"1253","BS710002","ES786618"
"1254","BS710002","ES786619"
"1255","BS710002","ES786620"
"1256","BS710003","ES786621"
"1257","BS710003","ES786622"
"1258","BS710003","ES786623"
"1259","BS710005","ES786624"
"1260","BS710005","ES786625"
"1261","BS710005","ES786626"
"1262","BS710009","ES786627"
"1263","BS710009","ES786628"
"1264","BS710009","ES786629"
"1265","BS710011","ES786630"
"1266","BS710011","ES786631"
"1267","BS710011","ES786632"
"1268","BS710013","ES786633"
"1269","BS710013","ES786634"
"1270","BS710013","ES786635"
"1271","BS710015","ES786636"
"1272","BS710015","ES786637"
"1273","BS710015","ES786638"
"1274","BS710019","ES786639"
"1275","BS710019","ES786640"
"1276","BS710019","ES786641"
"1277","BS710021","ES786642"
"1278","BS710021","ES786643"
"1279","BS710021","ES786644"
"1280","BS710023","ES786645"
"1281","BS710023","ES786646"
"1282","BS710023","ES786647"
"1283","BS710025","ES786648"
"1284","BS710025","ES786649"
"1285","BS710025","ES786650"
"1286","BS710029","ES786651"
"1287","BS710029","ES786652"
"1288","BS710029","ES786653"
"1289","BS710031","ES786654"
"1290","BS710031","ES786655"
"1291","BS710031","ES786656"
"1292","BS710033","ES786657"
"1293","BS710033","ES786658"
"1294","BS710033","ES786659"
"1295","BS710035","ES786660"
"1296","BS710035","ES786661"
"1297","BS710035","ES786662"
"1298","BS710039","ES786663"
"1299","BS710039","ES786664"
"1300","BS710039","ES786665"
"1301","BS710041","ES786666"
"1302","BS710041","ES786667"
"1303","BS710041","ES786668"
"1304","BS710045","ES786669"
"1305","BS710045","ES786670"
"1306","BS710045","ES786671"
"1307","BS710047","ES786672"
"1308","BS710047","ES786673"
"1309","BS710047","ES786674"
"1310","BS710049","ES786675"
"1311","BS710049","ES786676"
"1312","BS710049","ES786677"
"1313","BS710051","ES786678"
"1314","BS710051","ES786679"
"1315","BS710051","ES786680"
"1316","BS710055","ES786681"
"1317","BS710055","ES786682"
"1318","BS710055","ES786683"
"1319","BS710057","ES786684"
"1320","BS710057","ES786685"
"1321","BS710057","ES786686"
"1322","BS710059","ES786687"
"1323","BS710059","ES786688"
"1324","BS710059","ES786689"
"1325","BS710063","ES786690"
"1326","BS710063","ES786691"
"1327","BS710063","ES786692"
"1328","BS710065","ES786693"
"1329","BS710065","ES786694"
"1330","BS710065","ES786695"
"1331","BS710067","ES786696"
"1332","BS710067","ES786697"
"1333","BS710067","ES786698"
"1334","BS710069","ES786699"
"1335","BS710069","ES786700"
"1336","BS710069","ES786701"
"1337","BS710073","ES786702"
"1338","BS710073","ES786703"
"1339","BS710073","ES786704"
"1340","BS710075","ES786705"
"1341","BS710075","ES786706"
"1342","BS710075","ES786707"
"1343","BS736869","ES799418"
"1344","BS736870","ES799419"
"1345","BS736871","ES799420"
"1346","BS736872","ES799421"
"1347","BS736873","ES799422"
"1348","BS736874","ES799423"
"1349","BS736875","ES799424"
"1350","BS736876","ES799425"
"1351","BS736877","ES799426"
"1352","BS736878","ES799427"
"1353","BS736879","ES799428"
"1354","BS736880","ES799429"
"1355","BS736881","ES799430"
"1356","BS736882","ES799431"
"1357","BS736883","ES799432"
"1358","BS736884","ES799433"
"1359","BS736885","ES799434"
"1360","BS736886","ES799435"
"1361","BS736887","ES799436"
"1362","BS736888","ES799437"
"1363","BS736889","ES799438"
"1364","BS736890","ES799439"
"1365","BS736891","ES799440"
"1366","BS736892","ES799441"
"1367","BS736893","ES799442"
"1368","BS736894","ES799443"
"1369","BS736895","ES799444"
"1370","BS736896","ES799445"
"1371","BS736897","ES799446"
"1372","BS736898","ES799447"
"1373","BS736899","ES799448"
"1374","BS736900","ES799449"
"1375","BS736901","ES799450"
"1376","BS736902","ES799451"
"1377","BS736903","ES799452"
"1378","BS736904","ES799453"
"1379","BS736905","ES799454"
"1380","BS736906","ES799455"
"1381","BS736907","ES799456"
"1382","BS736908","ES799457"
"1383","BS736909","ES799458"
"1384","BS736910","ES799459"
"1385","BS751092","ES823377"
"1386","BS751093","ES823378"
"1387","BS751094","ES823379"
"1388","BS751095","ES823380"
"1389","BS751096","ES823381"
"1390","BS751097","ES823382"
"1391","BS751098","ES823383"
"1392","BS751099","ES823384"
"1393","BS751100","ES823385"
"1394","BS751101","ES823386"
"1395","BS751102","ES823387"
"1396","BS751103","ES823388"
"1397","BS751104","ES823389"
"1398","BS751105","ES823390"
"1399","BS751106","ES823391"
"1400","BS751107","ES823392"
"1401","BS751108","ES823393"
"1402","BS751109","ES823394"
"1403","BS751110","ES823395"
"1404","BS751111","ES823396"
"1405","BS751112","ES823397"
"1406","BS751113","ES823398"
"1407","BS751114","ES823399"
"1408","BS751115","ES823400"
"1409","BS751116","ES823401"
"1410","BS751117","ES823402"
"1411","BS751118","ES823403"
"1412","BS751119","ES823404"
"1413","BS751120","ES823405"
"1414","BS751121","ES823406"
"1415","BS751122","ES823407"
"1416","BS751123","ES823408"
"1417","BS751124","ES823409"
"1418","BS751125","ES823410"
"1419","BS751126","ES823411"
"1420","BS751127","ES823412"
