"","EXPSAMPLE_ACCESSION","REAGENT_ACCESSION"
"1","ES768711","ESR11386"
"2","ES768711","ESR11387"
"3","ES768711","ESR11388"
"4","ES768712","ESR11386"
"5","ES768712","ESR11387"
"6","ES768712","ESR11388"
"7","ES768713","ESR11386"
"8","ES768713","ESR11387"
"9","ES768713","ESR11388"
"10","ES768714","ESR11386"
"11","ES768714","ESR11387"
"12","ES768714","ESR11388"
"13","ES768715","ESR11386"
"14","ES768715","ESR11387"
"15","ES768715","ESR11388"
"16","ES768716","ESR11386"
"17","ES768716","ESR11387"
"18","ES768716","ESR11388"
"19","ES768717","ESR11386"
"20","ES768717","ESR11387"
"21","ES768717","ESR11388"
"22","ES768718","ESR11386"
"23","ES768718","ESR11387"
"24","ES768718","ESR11388"
"25","ES768719","ESR11386"
"26","ES768719","ESR11387"
"27","ES768719","ESR11388"
"28","ES768720","ESR11386"
"29","ES768720","ESR11387"
"30","ES768720","ESR11388"
"31","ES768721","ESR11386"
"32","ES768721","ESR11387"
"33","ES768721","ESR11388"
"34","ES768722","ESR11386"
"35","ES768722","ESR11387"
"36","ES768722","ESR11388"
"37","ES768723","ESR11386"
"38","ES768723","ESR11387"
"39","ES768723","ESR11388"
"40","ES768724","ESR11386"
"41","ES768724","ESR11387"
"42","ES768724","ESR11388"
"43","ES768725","ESR11386"
"44","ES768725","ESR11387"
"45","ES768725","ESR11388"
"46","ES768726","ESR11386"
"47","ES768726","ESR11387"
"48","ES768726","ESR11388"
"49","ES768727","ESR11386"
"50","ES768727","ESR11387"
"51","ES768727","ESR11388"
"52","ES768728","ESR11386"
"53","ES768728","ESR11387"
"54","ES768728","ESR11388"
"55","ES768729","ESR11386"
"56","ES768729","ESR11387"
"57","ES768729","ESR11388"
"58","ES768730","ESR11386"
"59","ES768730","ESR11387"
"60","ES768730","ESR11388"
"61","ES768731","ESR11386"
"62","ES768731","ESR11387"
"63","ES768731","ESR11388"
"64","ES768732","ESR11386"
"65","ES768732","ESR11387"
"66","ES768732","ESR11388"
"67","ES768733","ESR11386"
"68","ES768733","ESR11387"
"69","ES768733","ESR11388"
"70","ES768734","ESR11386"
"71","ES768734","ESR11387"
"72","ES768734","ESR11388"
"73","ES768735","ESR11386"
"74","ES768735","ESR11387"
"75","ES768735","ESR11388"
"76","ES768736","ESR11386"
"77","ES768736","ESR11387"
"78","ES768736","ESR11388"
"79","ES768737","ESR11386"
"80","ES768737","ESR11387"
"81","ES768737","ESR11388"
"82","ES768738","ESR11386"
"83","ES768738","ESR11387"
"84","ES768738","ESR11388"
"85","ES768739","ESR11386"
"86","ES768739","ESR11387"
"87","ES768739","ESR11388"
"88","ES768740","ESR11386"
"89","ES768740","ESR11387"
"90","ES768740","ESR11388"
"91","ES768741","ESR11386"
"92","ES768741","ESR11387"
"93","ES768741","ESR11388"
"94","ES768742","ESR11386"
"95","ES768742","ESR11387"
"96","ES768742","ESR11388"
"97","ES768743","ESR11386"
"98","ES768743","ESR11387"
"99","ES768743","ESR11388"
"100","ES768744","ESR11386"
"101","ES768744","ESR11387"
"102","ES768744","ESR11388"
"103","ES768745","ESR11386"
"104","ES768745","ESR11387"
"105","ES768745","ESR11388"
"106","ES768746","ESR11386"
"107","ES768746","ESR11387"
"108","ES768746","ESR11388"
"109","ES768747","ESR11386"
"110","ES768747","ESR11387"
"111","ES768747","ESR11388"
"112","ES768748","ESR11386"
"113","ES768748","ESR11387"
"114","ES768748","ESR11388"
"115","ES768749","ESR11386"
"116","ES768749","ESR11387"
"117","ES768749","ESR11388"
"118","ES768750","ESR11386"
"119","ES768750","ESR11387"
"120","ES768750","ESR11388"
"121","ES768751","ESR11386"
"122","ES768751","ESR11387"
"123","ES768751","ESR11388"
"124","ES768752","ESR11386"
"125","ES768752","ESR11387"
"126","ES768752","ESR11388"
"127","ES768753","ESR11386"
"128","ES768753","ESR11387"
"129","ES768753","ESR11388"
"130","ES768754","ESR11386"
"131","ES768754","ESR11387"
"132","ES768754","ESR11388"
"133","ES768755","ESR11386"
"134","ES768755","ESR11387"
"135","ES768755","ESR11388"
"136","ES768756","ESR11386"
"137","ES768756","ESR11387"
"138","ES768756","ESR11388"
"139","ES768757","ESR11386"
"140","ES768757","ESR11387"
"141","ES768757","ESR11388"
"142","ES768758","ESR11386"
"143","ES768758","ESR11387"
"144","ES768758","ESR11388"
"145","ES768759","ESR11386"
"146","ES768759","ESR11387"
"147","ES768759","ESR11388"
"148","ES768760","ESR11386"
"149","ES768760","ESR11387"
"150","ES768760","ESR11388"
"151","ES768761","ESR11386"
"152","ES768761","ESR11387"
"153","ES768761","ESR11388"
"154","ES768762","ESR11386"
"155","ES768762","ESR11387"
"156","ES768762","ESR11388"
"157","ES768763","ESR11386"
"158","ES768763","ESR11387"
"159","ES768763","ESR11388"
"160","ES768764","ESR11386"
"161","ES768764","ESR11387"
"162","ES768764","ESR11388"
"163","ES768765","ESR11386"
"164","ES768765","ESR11387"
"165","ES768765","ESR11388"
"166","ES768766","ESR11386"
"167","ES768766","ESR11387"
"168","ES768766","ESR11388"
"169","ES768767","ESR11386"
"170","ES768767","ESR11387"
"171","ES768767","ESR11388"
"172","ES768768","ESR11386"
"173","ES768768","ESR11387"
"174","ES768768","ESR11388"
"175","ES768769","ESR11386"
"176","ES768769","ESR11387"
"177","ES768769","ESR11388"
"178","ES768770","ESR11386"
"179","ES768770","ESR11387"
"180","ES768770","ESR11388"
"181","ES768771","ESR11386"
"182","ES768771","ESR11387"
"183","ES768771","ESR11388"
"184","ES768772","ESR11386"
"185","ES768772","ESR11387"
"186","ES768772","ESR11388"
"187","ES768773","ESR11386"
"188","ES768773","ESR11387"
"189","ES768773","ESR11388"
"190","ES768774","ESR11386"
"191","ES768774","ESR11387"
"192","ES768774","ESR11388"
"193","ES768775","ESR11386"
"194","ES768775","ESR11387"
"195","ES768775","ESR11388"
"196","ES768776","ESR11386"
"197","ES768776","ESR11387"
"198","ES768776","ESR11388"
"199","ES768777","ESR11386"
"200","ES768777","ESR11387"
"201","ES768777","ESR11388"
"202","ES768778","ESR11386"
"203","ES768778","ESR11387"
"204","ES768778","ESR11388"
"205","ES768779","ESR11386"
"206","ES768779","ESR11387"
"207","ES768779","ESR11388"
"208","ES768780","ESR11386"
"209","ES768780","ESR11387"
"210","ES768780","ESR11388"
"211","ES768781","ESR11386"
"212","ES768781","ESR11387"
"213","ES768781","ESR11388"
"214","ES768782","ESR11386"
"215","ES768782","ESR11387"
"216","ES768782","ESR11388"
"217","ES768783","ESR11386"
"218","ES768783","ESR11387"
"219","ES768783","ESR11388"
"220","ES768784","ESR11386"
"221","ES768784","ESR11387"
"222","ES768784","ESR11388"
"223","ES768785","ESR11386"
"224","ES768785","ESR11387"
"225","ES768785","ESR11388"
"226","ES768786","ESR11386"
"227","ES768786","ESR11387"
"228","ES768786","ESR11388"
"229","ES768787","ESR11386"
"230","ES768787","ESR11387"
"231","ES768787","ESR11388"
"232","ES768788","ESR11386"
"233","ES768788","ESR11387"
"234","ES768788","ESR11388"
"235","ES768789","ESR11386"
"236","ES768789","ESR11387"
"237","ES768789","ESR11388"
"238","ES768790","ESR11386"
"239","ES768790","ESR11387"
"240","ES768790","ESR11388"
"241","ES768791","ESR11386"
"242","ES768791","ESR11387"
"243","ES768791","ESR11388"
"244","ES768792","ESR11386"
"245","ES768792","ESR11387"
"246","ES768792","ESR11388"
"247","ES768793","ESR11386"
"248","ES768793","ESR11387"
"249","ES768793","ESR11388"
"250","ES768794","ESR11386"
"251","ES768794","ESR11387"
"252","ES768794","ESR11388"
"253","ES768795","ESR11386"
"254","ES768795","ESR11387"
"255","ES768795","ESR11388"
"256","ES768796","ESR11386"
"257","ES768796","ESR11387"
"258","ES768796","ESR11388"
"259","ES768797","ESR11386"
"260","ES768797","ESR11387"
"261","ES768797","ESR11388"
"262","ES768798","ESR11386"
"263","ES768798","ESR11387"
"264","ES768798","ESR11388"
"265","ES768799","ESR11386"
"266","ES768799","ESR11387"
"267","ES768799","ESR11388"
"268","ES768800","ESR11386"
"269","ES768800","ESR11387"
"270","ES768800","ESR11388"
"271","ES768801","ESR11386"
"272","ES768801","ESR11387"
"273","ES768801","ESR11388"
"274","ES768802","ESR11386"
"275","ES768802","ESR11387"
"276","ES768802","ESR11388"
"277","ES768803","ESR11386"
"278","ES768803","ESR11387"
"279","ES768803","ESR11388"
"280","ES768804","ESR11386"
"281","ES768804","ESR11387"
"282","ES768804","ESR11388"
"283","ES768805","ESR11386"
"284","ES768805","ESR11387"
"285","ES768805","ESR11388"
"286","ES768806","ESR11386"
"287","ES768806","ESR11387"
"288","ES768806","ESR11388"
"289","ES768807","ESR11386"
"290","ES768807","ESR11387"
"291","ES768807","ESR11388"
"292","ES768808","ESR11386"
"293","ES768808","ESR11387"
"294","ES768808","ESR11388"
"295","ES768809","ESR11386"
"296","ES768809","ESR11387"
"297","ES768809","ESR11388"
"298","ES768810","ESR11386"
"299","ES768810","ESR11387"
"300","ES768810","ESR11388"
"301","ES768811","ESR11386"
"302","ES768811","ESR11387"
"303","ES768811","ESR11388"
"304","ES768812","ESR11386"
"305","ES768812","ESR11387"
"306","ES768812","ESR11388"
"307","ES768813","ESR11386"
"308","ES768813","ESR11387"
"309","ES768813","ESR11388"
"310","ES768814","ESR11386"
"311","ES768814","ESR11387"
"312","ES768814","ESR11388"
"313","ES768815","ESR11386"
"314","ES768815","ESR11387"
"315","ES768815","ESR11388"
"316","ES768816","ESR11386"
"317","ES768816","ESR11387"
"318","ES768816","ESR11388"
"319","ES768817","ESR11386"
"320","ES768817","ESR11387"
"321","ES768817","ESR11388"
"322","ES768818","ESR11386"
"323","ES768818","ESR11387"
"324","ES768818","ESR11388"
"325","ES768819","ESR11386"
"326","ES768819","ESR11387"
"327","ES768819","ESR11388"
"328","ES768820","ESR11386"
"329","ES768820","ESR11387"
"330","ES768820","ESR11388"
"331","ES768821","ESR11386"
"332","ES768821","ESR11387"
"333","ES768821","ESR11388"
"334","ES768822","ESR11386"
"335","ES768822","ESR11387"
"336","ES768822","ESR11388"
"337","ES768823","ESR11386"
"338","ES768823","ESR11387"
"339","ES768823","ESR11388"
"340","ES768824","ESR11386"
"341","ES768824","ESR11387"
"342","ES768824","ESR11388"
"343","ES768825","ESR11386"
"344","ES768825","ESR11387"
"345","ES768825","ESR11388"
"346","ES768826","ESR11386"
"347","ES768826","ESR11387"
"348","ES768826","ESR11388"
"349","ES768827","ESR11386"
"350","ES768827","ESR11387"
"351","ES768827","ESR11388"
"352","ES768828","ESR11386"
"353","ES768828","ESR11387"
"354","ES768828","ESR11388"
"355","ES768829","ESR11386"
"356","ES768829","ESR11387"
"357","ES768829","ESR11388"
"358","ES768830","ESR11386"
"359","ES768830","ESR11387"
"360","ES768830","ESR11388"
"361","ES768831","ESR11386"
"362","ES768831","ESR11387"
"363","ES768831","ESR11388"
"364","ES768832","ESR11386"
"365","ES768832","ESR11387"
"366","ES768832","ESR11388"
"367","ES768833","ESR11386"
"368","ES768833","ESR11387"
"369","ES768833","ESR11388"
"370","ES768834","ESR11386"
"371","ES768834","ESR11387"
"372","ES768834","ESR11388"
"373","ES768835","ESR11386"
"374","ES768835","ESR11387"
"375","ES768835","ESR11388"
"376","ES768836","ESR11386"
"377","ES768836","ESR11387"
"378","ES768836","ESR11388"
"379","ES768837","ESR11386"
"380","ES768837","ESR11387"
"381","ES768837","ESR11388"
"382","ES768838","ESR11386"
"383","ES768838","ESR11387"
"384","ES768838","ESR11388"
"385","ES768839","ESR11386"
"386","ES768839","ESR11387"
"387","ES768839","ESR11388"
"388","ES768840","ESR11386"
"389","ES768840","ESR11387"
"390","ES768840","ESR11388"
"391","ES768841","ESR11386"
"392","ES768841","ESR11387"
"393","ES768841","ESR11388"
"394","ES768842","ESR11386"
"395","ES768842","ESR11387"
"396","ES768842","ESR11388"
"397","ES768843","ESR11386"
"398","ES768843","ESR11387"
"399","ES768843","ESR11388"
"400","ES768844","ESR11386"
"401","ES768844","ESR11387"
"402","ES768844","ESR11388"
"403","ES768845","ESR11386"
"404","ES768845","ESR11387"
"405","ES768845","ESR11388"
"406","ES768846","ESR11386"
"407","ES768846","ESR11387"
"408","ES768846","ESR11388"
"409","ES768847","ESR11386"
"410","ES768847","ESR11387"
"411","ES768847","ESR11388"
"412","ES768848","ESR11386"
"413","ES768848","ESR11387"
"414","ES768848","ESR11388"
"415","ES768849","ESR11386"
"416","ES768849","ESR11387"
"417","ES768849","ESR11388"
"418","ES768850","ESR11386"
"419","ES768850","ESR11387"
"420","ES768850","ESR11388"
"421","ES768851","ESR11386"
"422","ES768851","ESR11387"
"423","ES768851","ESR11388"
"424","ES768852","ESR11386"
"425","ES768852","ESR11387"
"426","ES768852","ESR11388"
"427","ES768853","ESR11386"
"428","ES768853","ESR11387"
"429","ES768853","ESR11388"
"430","ES768854","ESR11386"
"431","ES768854","ESR11387"
"432","ES768854","ESR11388"
"433","ES768855","ESR11386"
"434","ES768855","ESR11387"
"435","ES768855","ESR11388"
"436","ES768856","ESR11386"
"437","ES768856","ESR11387"
"438","ES768856","ESR11388"
"439","ES768857","ESR11386"
"440","ES768857","ESR11387"
"441","ES768857","ESR11388"
"442","ES768858","ESR11386"
"443","ES768858","ESR11387"
"444","ES768858","ESR11388"
"445","ES778317","ESR11481"
"446","ES778318","ESR11481"
"447","ES778319","ESR11481"
"448","ES778320","ESR11481"
"449","ES778321","ESR11481"
"450","ES778322","ESR11481"
"451","ES778323","ESR11481"
"452","ES778324","ESR11481"
"453","ES778325","ESR11481"
"454","ES778326","ESR11481"
"455","ES778327","ESR11481"
"456","ES778328","ESR11481"
"457","ES778329","ESR11481"
"458","ES778330","ESR11481"
"459","ES778331","ESR11481"
"460","ES778332","ESR11481"
"461","ES778333","ESR11481"
"462","ES778334","ESR11481"
"463","ES778335","ESR11481"
"464","ES778336","ESR11481"
"465","ES778337","ESR11481"
"466","ES778338","ESR11481"
"467","ES778339","ESR11481"
"468","ES778340","ESR11481"
"469","ES778341","ESR11481"
"470","ES778342","ESR11481"
"471","ES778343","ESR11481"
"472","ES778344","ESR11481"
"473","ES778345","ESR11481"
"474","ES778346","ESR11481"
"475","ES778347","ESR11481"
"476","ES778348","ESR11481"
"477","ES778349","ESR11481"
"478","ES778350","ESR11481"
"479","ES778351","ESR11481"
"480","ES778352","ESR11481"
"481","ES778353","ESR11481"
"482","ES778354","ESR11481"
"483","ES778355","ESR11481"
"484","ES778356","ESR11481"
"485","ES778357","ESR11481"
"486","ES778358","ESR11481"
"487","ES778359","ESR11481"
"488","ES778360","ESR11481"
"489","ES778361","ESR11481"
"490","ES778362","ESR11481"
"491","ES778363","ESR11481"
"492","ES778364","ESR11481"
"493","ES778365","ESR11481"
"494","ES778366","ESR11481"
"495","ES778367","ESR11481"
"496","ES778368","ESR11481"
"497","ES778369","ESR11481"
"498","ES778370","ESR11481"
"499","ES778371","ESR11481"
"500","ES778372","ESR11481"
"501","ES778373","ESR11481"
"502","ES778374","ESR11481"
"503","ES778375","ESR11481"
"504","ES778376","ESR11481"
"505","ES778377","ESR11481"
"506","ES778378","ESR11481"
"507","ES778379","ESR11481"
"508","ES778380","ESR11481"
"509","ES778381","ESR11481"
"510","ES778382","ESR11481"
"511","ES778383","ESR11481"
"512","ES778384","ESR11481"
"513","ES778385","ESR11481"
"514","ES778386","ESR11481"
"515","ES778387","ESR11481"
"516","ES778388","ESR11481"
"517","ES778389","ESR11481"
"518","ES778390","ESR11481"
"519","ES778391","ESR11481"
"520","ES778392","ESR11481"
"521","ES778393","ESR11481"
"522","ES778394","ESR11481"
"523","ES778395","ESR11481"
"524","ES778396","ESR11481"
"525","ES778397","ESR11481"
"526","ES778398","ESR11481"
"527","ES778399","ESR11481"
"528","ES778400","ESR11481"
"529","ES778401","ESR11481"
"530","ES778402","ESR11481"
"531","ES778403","ESR11481"
"532","ES778404","ESR11481"
"533","ES778405","ESR11481"
"534","ES778406","ESR11481"
"535","ES778407","ESR11481"
"536","ES778408","ESR11481"
"537","ES778409","ESR11481"
"538","ES778410","ESR11481"
"539","ES778411","ESR11481"
"540","ES778412","ESR11481"
"541","ES778413","ESR11481"
"542","ES778414","ESR11481"
"543","ES778415","ESR11481"
"544","ES778416","ESR11481"
"545","ES778417","ESR11481"
"546","ES778418","ESR11481"
"547","ES778419","ESR11481"
"548","ES778420","ESR11481"
"549","ES778421","ESR11481"
"550","ES778422","ESR11481"
"551","ES778423","ESR11481"
"552","ES778424","ESR11481"
"553","ES778425","ESR11481"
"554","ES778426","ESR11481"
"555","ES778427","ESR11481"
"556","ES778428","ESR11481"
"557","ES778429","ESR11481"
"558","ES778430","ESR11481"
"559","ES778431","ESR11481"
"560","ES778432","ESR11481"
"561","ES778433","ESR11481"
"562","ES778434","ESR11481"
"563","ES778435","ESR11481"
"564","ES778436","ESR11481"
"565","ES778437","ESR11481"
"566","ES778438","ESR11481"
"567","ES778439","ESR11481"
"568","ES778440","ESR11481"
"569","ES778441","ESR11481"
"570","ES778442","ESR11481"
"571","ES778443","ESR11481"
"572","ES778444","ESR11481"
"573","ES778445","ESR11481"
"574","ES778446","ESR11481"
"575","ES778447","ESR11481"
"576","ES778448","ESR11481"
"577","ES778449","ESR11481"
"578","ES778450","ESR11481"
"579","ES778451","ESR11481"
"580","ES778452","ESR11481"
"581","ES778453","ESR11481"
"582","ES778454","ESR11481"
"583","ES778455","ESR11481"
"584","ES778456","ESR11481"
"585","ES778457","ESR11481"
"586","ES778458","ESR11481"
"587","ES778459","ESR11481"
"588","ES778460","ESR11481"
"589","ES778461","ESR11481"
"590","ES778462","ESR11481"
"591","ES778463","ESR11481"
"592","ES778464","ESR11481"
"593","ES778465","ESR11481"
"594","ES778466","ESR11481"
"595","ES778467","ESR11481"
"596","ES778468","ESR11481"
"597","ES778469","ESR11481"
"598","ES778470","ESR11481"
"599","ES778471","ESR11481"
"600","ES778472","ESR11481"
"601","ES778473","ESR11481"
"602","ES778474","ESR11481"
"603","ES778475","ESR11481"
"604","ES778476","ESR11481"
"605","ES778477","ESR11481"
"606","ES778478","ESR11481"
"607","ES778479","ESR11481"
"608","ES778480","ESR11481"
"609","ES778481","ESR11481"
"610","ES778482","ESR11481"
"611","ES778483","ESR11481"
"612","ES778484","ESR11481"
"613","ES778485","ESR11481"
"614","ES778486","ESR11481"
"615","ES778487","ESR11481"
"616","ES778488","ESR11481"
"617","ES778489","ESR11481"
"618","ES778490","ESR11481"
"619","ES778491","ESR11481"
"620","ES778492","ESR11481"
"621","ES778493","ESR11481"
"622","ES778494","ESR11481"
"623","ES778495","ESR11481"
"624","ES778496","ESR11481"
"625","ES778497","ESR11481"
"626","ES778498","ESR11481"
"627","ES778499","ESR11481"
"628","ES778500","ESR11481"
"629","ES778501","ESR11481"
"630","ES778502","ESR11481"
"631","ES778503","ESR11481"
"632","ES778504","ESR11481"
"633","ES778505","ESR11481"
"634","ES778506","ESR11481"
"635","ES778507","ESR11481"
"636","ES778508","ESR11481"
"637","ES778509","ESR11481"
"638","ES778510","ESR11481"
"639","ES778511","ESR11481"
"640","ES778512","ESR11481"
"641","ES778513","ESR11481"
"642","ES778514","ESR11481"
"643","ES778515","ESR11481"
"644","ES778516","ESR11481"
"645","ES778517","ESR11481"
"646","ES778518","ESR11481"
"647","ES778519","ESR11481"
"648","ES778520","ESR11481"
"649","ES778521","ESR11481"
"650","ES778522","ESR11481"
"651","ES778523","ESR11481"
"652","ES778524","ESR11481"
"653","ES778525","ESR11481"
"654","ES778526","ESR11481"
"655","ES778527","ESR11481"
"656","ES778528","ESR11481"
"657","ES778529","ESR11481"
"658","ES778530","ESR11481"
"659","ES778531","ESR11481"
"660","ES778532","ESR11481"
"661","ES778533","ESR11481"
"662","ES778534","ESR11481"
"663","ES778535","ESR11481"
"664","ES785588","ESR11417"
"665","ES785589","ESR11418"
"666","ES785590","ESR11419"
"667","ES785591","ESR11417"
"668","ES785592","ESR11418"
"669","ES785593","ESR11419"
"670","ES785594","ESR11417"
"671","ES785595","ESR11418"
"672","ES785596","ESR11419"
"673","ES785597","ESR11417"
"674","ES785598","ESR11418"
"675","ES785599","ESR11419"
"676","ES785600","ESR11417"
"677","ES785601","ESR11418"
"678","ES785602","ESR11419"
"679","ES785603","ESR11417"
"680","ES785604","ESR11418"
"681","ES785605","ESR11419"
"682","ES785606","ESR11417"
"683","ES785607","ESR11418"
"684","ES785608","ESR11419"
"685","ES785609","ESR11417"
"686","ES785610","ESR11418"
"687","ES785611","ESR11419"
"688","ES785612","ESR11417"
"689","ES785613","ESR11418"
"690","ES785614","ESR11419"
"691","ES785615","ESR11417"
"692","ES785616","ESR11418"
"693","ES785617","ESR11419"
"694","ES785618","ESR11417"
"695","ES785619","ESR11418"
"696","ES785620","ESR11419"
"697","ES785621","ESR11417"
"698","ES785622","ESR11418"
"699","ES785623","ESR11419"
"700","ES785624","ESR11417"
"701","ES785625","ESR11418"
"702","ES785626","ESR11419"
"703","ES785627","ESR11417"
"704","ES785628","ESR11418"
"705","ES785629","ESR11419"
"706","ES785630","ESR11417"
"707","ES785631","ESR11418"
"708","ES785632","ESR11419"
"709","ES785633","ESR11417"
"710","ES785634","ESR11418"
"711","ES785635","ESR11419"
"712","ES785636","ESR11417"
"713","ES785637","ESR11418"
"714","ES785638","ESR11419"
"715","ES785639","ESR11417"
"716","ES785640","ESR11418"
"717","ES785641","ESR11419"
"718","ES785642","ESR11417"
"719","ES785643","ESR11418"
"720","ES785644","ESR11419"
"721","ES785645","ESR11417"
"722","ES785646","ESR11418"
"723","ES785647","ESR11419"
"724","ES785648","ESR11417"
"725","ES785649","ESR11418"
"726","ES785650","ESR11419"
"727","ES785651","ESR11417"
"728","ES785652","ESR11418"
"729","ES785653","ESR11419"
"730","ES785654","ESR11417"
"731","ES785655","ESR11418"
"732","ES785656","ESR11419"
"733","ES785657","ESR11417"
"734","ES785658","ESR11418"
"735","ES785659","ESR11419"
"736","ES785660","ESR11417"
"737","ES785661","ESR11418"
"738","ES785662","ESR11419"
"739","ES785663","ESR11417"
"740","ES785664","ESR11418"
"741","ES785665","ESR11419"
"742","ES785666","ESR11417"
"743","ES785667","ESR11418"
"744","ES785668","ESR11419"
"745","ES785669","ESR11417"
"746","ES785670","ESR11418"
"747","ES785671","ESR11419"
"748","ES785672","ESR11417"
"749","ES785673","ESR11418"
"750","ES785674","ESR11419"
"751","ES785675","ESR11417"
"752","ES785676","ESR11418"
"753","ES785677","ESR11419"
"754","ES785678","ESR11417"
"755","ES785679","ESR11418"
"756","ES785680","ESR11419"
"757","ES785681","ESR11417"
"758","ES785682","ESR11418"
"759","ES785683","ESR11419"
"760","ES785684","ESR11417"
"761","ES785685","ESR11418"
"762","ES785686","ESR11419"
"763","ES785687","ESR11417"
"764","ES785688","ESR11418"
"765","ES785761","ESR11419"
"766","ES785762","ESR11417"
"767","ES785763","ESR11418"
"768","ES785764","ESR11419"
"769","ES785765","ESR11417"
"770","ES785766","ESR11418"
"771","ES785767","ESR11419"
"772","ES785768","ESR11417"
"773","ES785769","ESR11418"
"774","ES785770","ESR11419"
"775","ES785771","ESR11417"
"776","ES785772","ESR11418"
"777","ES785773","ESR11419"
"778","ES785774","ESR11417"
"779","ES785775","ESR11418"
"780","ES785776","ESR11419"
"781","ES785777","ESR11417"
"782","ES785778","ESR11418"
"783","ES785779","ESR11419"
"784","ES785780","ESR11417"
"785","ES785781","ESR11418"
"786","ES785782","ESR11419"
"787","ES785783","ESR11417"
"788","ES785784","ESR11418"
"789","ES785785","ESR11419"
"790","ES785786","ESR11417"
"791","ES785787","ESR11418"
"792","ES785788","ESR11419"
"793","ES785789","ESR11417"
"794","ES785790","ESR11418"
"795","ES785791","ESR11419"
"796","ES785792","ESR11417"
"797","ES785793","ESR11418"
"798","ES785794","ESR11419"
"799","ES785795","ESR11417"
"800","ES785796","ESR11418"
"801","ES785797","ESR11419"
"802","ES785798","ESR11417"
"803","ES785799","ESR11418"
"804","ES785800","ESR11419"
"805","ES785801","ESR11417"
"806","ES785802","ESR11418"
"807","ES785803","ESR11419"
"808","ES785804","ESR11417"
"809","ES785805","ESR11418"
"810","ES785806","ESR11419"
"811","ES785807","ESR11417"
"812","ES785808","ESR11418"
"813","ES785809","ESR11419"
"814","ES785810","ESR11417"
"815","ES785811","ESR11418"
"816","ES785812","ESR11419"
"817","ES785813","ESR11417"
"818","ES785814","ESR11418"
"819","ES785815","ESR11419"
"820","ES785816","ESR11417"
"821","ES785817","ESR11418"
"822","ES785818","ESR11419"
"823","ES785819","ESR11417"
"824","ES785820","ESR11418"
"825","ES785821","ESR11419"
"826","ES785822","ESR11417"
"827","ES785823","ESR11418"
"828","ES785824","ESR11419"
"829","ES785825","ESR11417"
"830","ES785826","ESR11418"
"831","ES785827","ESR11419"
"832","ES785828","ESR11417"
"833","ES785829","ESR11418"
"834","ES785830","ESR11419"
"835","ES785831","ESR11417"
"836","ES785832","ESR11418"
"837","ES785833","ESR11419"
"838","ES785834","ESR11417"
"839","ES785835","ESR11418"
"840","ES785836","ESR11419"
"841","ES785837","ESR11417"
"842","ES785838","ESR11418"
"843","ES785839","ESR11419"
"844","ES785840","ESR11417"
"845","ES785841","ESR11418"
"846","ES785842","ESR11419"
"847","ES785843","ESR11417"
"848","ES785844","ESR11418"
"849","ES785845","ESR11419"
"850","ES785846","ESR11417"
"851","ES785847","ESR11418"
"852","ES785848","ESR11419"
"853","ES785849","ESR11418"
"854","ES785850","ESR11417"
"855","ES785851","ESR11419"
"856","ES785852","ESR11417"
"857","ES785853","ESR11419"
"858","ES785854","ESR11418"
"859","ES785855","ESR11417"
"860","ES785856","ESR11418"
"861","ES785857","ESR11419"
"862","ES785858","ESR11417"
"863","ES785859","ESR11418"
"864","ES785860","ESR11419"
"865","ES785861","ESR11417"
"866","ES785862","ESR11418"
"867","ES785863","ESR11419"
"868","ES785864","ESR11417"
"869","ES785865","ESR11418"
"870","ES785866","ESR11419"
"871","ES785867","ESR11417"
"872","ES785868","ESR11418"
"873","ES785869","ESR11419"
"874","ES785870","ESR11417"
"875","ES785871","ESR11418"
"876","ES785872","ESR11419"
"877","ES785873","ESR11417"
"878","ES785874","ESR11418"
"879","ES785875","ESR11419"
"880","ES785876","ESR11417"
"881","ES785877","ESR11418"
"882","ES785878","ESR11419"
"883","ES785879","ESR11417"
"884","ES785880","ESR11418"
"885","ES785881","ESR11419"
"886","ES785882","ESR11417"
"887","ES785883","ESR11418"
"888","ES785884","ESR11419"
"889","ES785885","ESR11417"
"890","ES785886","ESR11418"
"891","ES785887","ESR11419"
"892","ES785888","ESR11417"
"893","ES785889","ESR11418"
"894","ES785890","ESR11419"
"895","ES785891","ESR11417"
"896","ES785892","ESR11418"
"897","ES785893","ESR11419"
"898","ES785894","ESR11417"
"899","ES785895","ESR11418"
"900","ES785896","ESR11419"
"901","ES785897","ESR11417"
"902","ES785898","ESR11418"
"903","ES785899","ESR11419"
"904","ES785900","ESR11417"
"905","ES785901","ESR11418"
"906","ES785902","ESR11419"
"907","ES785903","ESR11417"
"908","ES785904","ESR11418"
"909","ES785905","ESR11419"
"910","ES785906","ESR11417"
"911","ES785907","ESR11418"
"912","ES785908","ESR11419"
"913","ES785909","ESR11417"
"914","ES785910","ESR11418"
"915","ES785911","ESR11419"
"916","ES785912","ESR11417"
"917","ES785913","ESR11418"
"918","ES785914","ESR11419"
"919","ES785915","ESR11417"
"920","ES785916","ESR11418"
"921","ES785917","ESR11419"
"922","ES785918","ESR11417"
"923","ES785919","ESR11418"
"924","ES785920","ESR11419"
"925","ES785921","ESR11417"
"926","ES785922","ESR11418"
"927","ES785923","ESR11419"
"928","ES785924","ESR11417"
"929","ES785925","ESR11418"
"930","ES785926","ESR11419"
"931","ES785927","ESR11417"
"932","ES785928","ESR11418"
"933","ES785929","ESR11419"
"934","ES785930","ESR11417"
"935","ES785931","ESR11418"
"936","ES785932","ESR11419"
"937","ES785933","ESR11417"
"938","ES785934","ESR11418"
"939","ES785935","ESR11419"
"940","ES785936","ESR11417"
"941","ES785937","ESR11418"
"942","ES785938","ESR11419"
"943","ES785939","ESR11417"
"944","ES785940","ESR11418"
"945","ES785941","ESR11419"
"946","ES785942","ESR11417"
"947","ES785943","ESR11418"
"948","ES785944","ESR11419"
"949","ES785945","ESR11417"
"950","ES785946","ESR11418"
"951","ES785947","ESR11419"
"952","ES785948","ESR11417"
"953","ES785949","ESR11418"
"954","ES785950","ESR11419"
"955","ES785951","ESR11417"
"956","ES785952","ESR11418"
"957","ES785953","ESR11419"
"958","ES785954","ESR11417"
"959","ES785955","ESR11418"
"960","ES785956","ESR11419"
"961","ES785957","ESR11417"
"962","ES785958","ESR11418"
"963","ES785959","ESR11419"
"964","ES785960","ESR11417"
"965","ES785961","ESR11418"
"966","ES785962","ESR11419"
"967","ES785963","ESR11417"
"968","ES785964","ESR11418"
"969","ES785965","ESR11419"
"970","ES785966","ESR11417"
"971","ES785967","ESR11418"
"972","ES785968","ESR11419"
"973","ES785969","ESR11417"
"974","ES785970","ESR11418"
"975","ES785971","ESR11419"
"976","ES785972","ESR11417"
"977","ES785973","ESR11418"
"978","ES785974","ESR11419"
"979","ES785975","ESR11417"
"980","ES785976","ESR11418"
"981","ES785977","ESR11419"
"982","ES785978","ESR11417"
"983","ES785979","ESR11418"
"984","ES785980","ESR11419"
"985","ES785981","ESR11417"
"986","ES785982","ESR11418"
"987","ES785983","ESR11419"
"988","ES785984","ESR11417"
"989","ES785985","ESR11418"
"990","ES785986","ESR11419"
"991","ES785987","ESR11417"
"992","ES785988","ESR11418"
"993","ES785989","ESR11419"
"994","ES785990","ESR11417"
"995","ES785991","ESR11418"
"996","ES785992","ESR11419"
"997","ES785993","ESR11417"
"998","ES785994","ESR11418"
"999","ES785995","ESR11419"
"1000","ES785996","ESR11417"
"1001","ES785997","ESR11418"
"1002","ES785998","ESR11419"
"1003","ES785999","ESR11417"
"1004","ES786000","ESR11418"
"1005","ES786001","ESR11419"
"1006","ES786002","ESR11417"
"1007","ES786003","ESR11418"
"1008","ES786004","ESR11419"
"1009","ES786005","ESR11417"
"1010","ES786006","ESR11418"
"1011","ES786007","ESR11419"
"1012","ES786008","ESR11417"
"1013","ES786009","ESR11418"
"1014","ES786010","ESR11419"
"1015","ES786011","ESR11417"
"1016","ES786012","ESR11418"
"1017","ES786013","ESR11419"
"1018","ES786014","ESR11417"
"1019","ES786015","ESR11418"
"1020","ES786016","ESR11419"
"1021","ES786017","ESR11417"
"1022","ES786018","ESR11418"
"1023","ES786019","ESR11419"
"1024","ES786020","ESR11417"
"1025","ES786021","ESR11418"
"1026","ES786022","ESR11419"
"1027","ES786023","ESR11417"
"1028","ES786024","ESR11418"
"1029","ES786025","ESR11419"
"1030","ES786026","ESR11417"
"1031","ES786027","ESR11418"
"1032","ES786028","ESR11419"
"1033","ES786029","ESR11417"
"1034","ES786030","ESR11418"
"1035","ES786031","ESR11419"
"1036","ES786032","ESR11417"
"1037","ES786033","ESR11418"
"1038","ES786034","ESR11419"
"1039","ES786035","ESR11417"
"1040","ES786036","ESR11418"
"1041","ES786037","ESR11419"
"1042","ES786038","ESR11417"
"1043","ES786039","ESR11418"
"1044","ES786040","ESR11419"
"1045","ES786041","ESR11417"
"1046","ES786042","ESR11418"
"1047","ES786043","ESR11419"
"1048","ES786044","ESR11417"
"1049","ES786045","ESR11418"
"1050","ES786046","ESR11419"
"1051","ES786047","ESR11417"
"1052","ES786048","ESR11418"
"1053","ES786049","ESR11419"
"1054","ES786050","ESR11417"
"1055","ES786051","ESR11418"
"1056","ES786052","ESR11419"
"1057","ES786053","ESR11417"
"1058","ES786054","ESR11418"
"1059","ES786055","ESR11419"
"1060","ES786056","ESR11417"
"1061","ES786057","ESR11418"
"1062","ES786058","ESR11419"
"1063","ES786059","ESR11417"
"1064","ES786060","ESR11418"
"1065","ES786061","ESR11419"
"1066","ES786062","ESR11417"
"1067","ES786068","ESR11418"
"1068","ES786069","ESR11419"
"1069","ES786070","ESR11417"
"1070","ES786071","ESR11418"
"1071","ES786072","ESR11419"
"1072","ES786073","ESR11417"
"1073","ES786074","ESR11418"
"1074","ES786075","ESR11419"
"1075","ES786076","ESR11417"
"1076","ES786077","ESR11418"
"1077","ES786078","ESR11419"
"1078","ES786079","ESR11417"
"1079","ES786080","ESR11418"
"1080","ES786081","ESR11419"
"1081","ES786082","ESR11417"
"1082","ES786083","ESR11418"
"1083","ES786084","ESR11419"
"1084","ES786085","ESR11417"
"1085","ES786086","ESR11418"
"1086","ES786087","ESR11419"
"1087","ES786088","ESR11417"
"1088","ES786089","ESR11418"
"1089","ES786090","ESR11419"
"1090","ES786091","ESR11417"
"1091","ES786092","ESR11418"
"1092","ES786093","ESR11419"
"1093","ES786094","ESR11417"
"1094","ES786095","ESR11418"
"1095","ES786096","ESR11419"
"1096","ES786097","ESR11417"
"1097","ES786098","ESR11418"
"1098","ES786099","ESR11419"
"1099","ES786100","ESR11417"
"1100","ES786101","ESR11418"
"1101","ES786102","ESR11419"
"1102","ES786103","ESR11417"
"1103","ES786104","ESR11418"
"1104","ES786105","ESR11419"
"1105","ES786106","ESR11417"
"1106","ES786107","ESR11418"
"1107","ES786108","ESR11419"
"1108","ES786109","ESR11417"
"1109","ES786110","ESR11418"
"1110","ES786111","ESR11419"
"1111","ES786112","ESR11417"
"1112","ES786113","ESR11418"
"1113","ES786114","ESR11419"
"1114","ES786115","ESR11417"
"1115","ES786116","ESR11418"
"1116","ES786117","ESR11419"
"1117","ES786118","ESR11417"
"1118","ES786119","ESR11418"
"1119","ES786120","ESR11419"
"1120","ES786121","ESR11417"
"1121","ES786122","ESR11418"
"1122","ES786123","ESR11419"
"1123","ES786124","ESR11417"
"1124","ES786125","ESR11418"
"1125","ES786126","ESR11419"
"1126","ES786127","ESR11417"
"1127","ES786128","ESR11418"
"1128","ES786129","ESR11419"
"1129","ES786130","ESR11417"
"1130","ES786131","ESR11418"
"1131","ES786132","ESR11419"
"1132","ES786133","ESR11417"
"1133","ES786134","ESR11418"
"1134","ES786135","ESR11419"
"1135","ES786136","ESR11417"
"1136","ES786137","ESR11418"
"1137","ES786138","ESR11419"
"1138","ES786139","ESR11417"
"1139","ES786140","ESR11418"
"1140","ES786141","ESR11419"
"1141","ES786142","ESR11417"
"1142","ES786143","ESR11418"
"1143","ES786144","ESR11419"
"1144","ES786145","ESR11417"
"1145","ES786146","ESR11418"
"1146","ES786147","ESR11419"
"1147","ES786148","ESR11417"
"1148","ES786149","ESR11418"
"1149","ES786150","ESR11419"
"1150","ES786151","ESR11417"
"1151","ES786152","ESR11418"
"1152","ES786153","ESR11419"
"1153","ES786154","ESR11417"
"1154","ES786155","ESR11418"
"1155","ES786156","ESR11419"
"1156","ES786157","ESR11417"
"1157","ES786158","ESR11418"
"1158","ES786159","ESR11419"
"1159","ES786160","ESR11417"
"1160","ES786161","ESR11418"
"1161","ES786162","ESR11419"
"1162","ES786183","ESR11417"
"1163","ES786184","ESR11418"
"1164","ES786185","ESR11419"
"1165","ES786186","ESR11417"
"1166","ES786187","ESR11418"
"1167","ES786188","ESR11419"
"1168","ES786189","ESR11417"
"1169","ES786190","ESR11418"
"1170","ES786191","ESR11419"
"1171","ES786192","ESR11417"
"1172","ES786193","ESR11418"
"1173","ES786194","ESR11419"
"1174","ES786195","ESR11417"
"1175","ES786196","ESR11418"
"1176","ES786197","ESR11419"
"1177","ES786198","ESR11417"
"1178","ES786199","ESR11418"
"1179","ES786200","ESR11419"
"1180","ES786201","ESR11417"
"1181","ES786202","ESR11418"
"1182","ES786203","ESR11419"
"1183","ES786204","ESR11417"
"1184","ES786205","ESR11418"
"1185","ES786206","ESR11419"
"1186","ES786207","ESR11417"
"1187","ES786208","ESR11418"
"1188","ES786209","ESR11419"
"1189","ES786210","ESR11417"
"1190","ES786211","ESR11418"
"1191","ES786212","ESR11419"
"1192","ES786213","ESR11417"
"1193","ES786214","ESR11418"
"1194","ES786215","ESR11419"
"1195","ES786216","ESR11417"
"1196","ES786217","ESR11418"
"1197","ES786218","ESR11419"
"1198","ES786219","ESR11417"
"1199","ES786220","ESR11418"
"1200","ES786221","ESR11419"
"1201","ES786222","ESR11417"
"1202","ES786223","ESR11418"
"1203","ES786224","ESR11419"
"1204","ES786225","ESR11417"
"1205","ES786226","ESR11418"
"1206","ES786227","ESR11419"
"1207","ES786228","ESR11417"
"1208","ES786229","ESR11418"
"1209","ES786230","ESR11419"
"1210","ES786231","ESR11417"
"1211","ES786232","ESR11418"
"1212","ES786233","ESR11419"
"1213","ES786234","ESR11417"
"1214","ES786235","ESR11418"
"1215","ES786236","ESR11419"
"1216","ES786237","ESR11417"
"1217","ES786238","ESR11418"
"1218","ES786239","ESR11419"
"1219","ES786240","ESR11417"
"1220","ES786241","ESR11418"
"1221","ES786242","ESR11419"
"1222","ES786243","ESR11417"
"1223","ES786244","ESR11418"
"1224","ES786245","ESR11419"
"1225","ES786246","ESR11417"
"1226","ES786247","ESR11418"
"1227","ES786248","ESR11419"
"1228","ES786249","ESR11417"
"1229","ES786250","ESR11418"
"1230","ES786251","ESR11419"
"1231","ES786252","ESR11417"
"1232","ES786253","ESR11418"
"1233","ES786254","ESR11419"
"1234","ES786255","ESR11417"
"1235","ES786256","ESR11418"
"1236","ES786257","ESR11419"
"1237","ES786258","ESR11417"
"1238","ES786259","ESR11418"
"1239","ES786260","ESR11419"
"1240","ES786261","ESR11417"
"1241","ES786262","ESR11418"
"1242","ES786263","ESR11419"
"1243","ES786264","ESR11417"
"1244","ES786265","ESR11418"
"1245","ES786266","ESR11419"
"1246","ES786267","ESR11417"
"1247","ES786268","ESR11418"
"1248","ES786269","ESR11419"
"1249","ES786270","ESR11417"
"1250","ES786271","ESR11418"
"1251","ES786272","ESR11419"
"1252","ES786273","ESR11417"
"1253","ES786274","ESR11418"
"1254","ES786275","ESR11419"
"1255","ES786276","ESR11417"
"1256","ES786277","ESR11418"
"1257","ES786278","ESR11419"
"1258","ES786279","ESR11417"
"1259","ES786280","ESR11418"
"1260","ES786281","ESR11419"
"1261","ES786282","ESR11417"
"1262","ES786283","ESR11418"
"1263","ES786308","ESR11419"
"1264","ES786309","ESR11417"
"1265","ES786310","ESR11418"
"1266","ES786311","ESR11419"
"1267","ES786312","ESR11417"
"1268","ES786313","ESR11418"
"1269","ES786314","ESR11419"
"1270","ES786315","ESR11417"
"1271","ES786316","ESR11418"
"1272","ES786317","ESR11419"
"1273","ES786318","ESR11417"
"1274","ES786319","ESR11418"
"1275","ES786320","ESR11419"
"1276","ES786321","ESR11417"
"1277","ES786322","ESR11418"
"1278","ES786323","ESR11419"
"1279","ES786324","ESR11417"
"1280","ES786325","ESR11418"
"1281","ES786326","ESR11419"
"1282","ES786327","ESR11417"
"1283","ES786328","ESR11418"
"1284","ES786329","ESR11419"
"1285","ES786330","ESR11417"
"1286","ES786331","ESR11418"
"1287","ES786332","ESR11419"
"1288","ES786333","ESR11417"
"1289","ES786334","ESR11418"
"1290","ES786335","ESR11419"
"1291","ES786336","ESR11417"
"1292","ES786337","ESR11418"
"1293","ES786338","ESR11419"
"1294","ES786339","ESR11417"
"1295","ES786340","ESR11418"
"1296","ES786341","ESR11419"
"1297","ES786342","ESR11417"
"1298","ES786343","ESR11418"
"1299","ES786344","ESR11419"
"1300","ES786345","ESR11417"
"1301","ES786346","ESR11418"
"1302","ES786347","ESR11419"
"1303","ES786348","ESR11417"
"1304","ES786349","ESR11418"
"1305","ES786350","ESR11419"
"1306","ES786351","ESR11417"
"1307","ES786352","ESR11418"
"1308","ES786353","ESR11419"
"1309","ES786354","ESR11417"
"1310","ES786355","ESR11418"
"1311","ES786356","ESR11419"
"1312","ES786357","ESR11417"
"1313","ES786358","ESR11418"
"1314","ES786359","ESR11419"
"1315","ES786360","ESR11417"
"1316","ES786361","ESR11418"
"1317","ES786362","ESR11419"
"1318","ES786363","ESR11417"
"1319","ES786364","ESR11418"
"1320","ES786365","ESR11419"
"1321","ES786366","ESR11417"
"1322","ES786367","ESR11418"
"1323","ES786368","ESR11419"
"1324","ES786369","ESR11417"
"1325","ES786370","ESR11418"
"1326","ES786371","ESR11419"
"1327","ES786372","ESR11417"
"1328","ES786373","ESR11418"
"1329","ES786374","ESR11419"
"1330","ES786375","ESR11417"
"1331","ES786376","ESR11418"
"1332","ES786377","ESR11419"
"1333","ES786378","ESR11417"
"1334","ES786379","ESR11418"
"1335","ES786380","ESR11419"
"1336","ES786381","ESR11417"
"1337","ES786382","ESR11418"
"1338","ES786383","ESR11419"
"1339","ES786384","ESR11417"
"1340","ES786385","ESR11418"
"1341","ES786386","ESR11419"
"1342","ES786387","ESR11417"
"1343","ES786388","ESR11418"
"1344","ES786389","ESR11419"
"1345","ES786390","ESR11417"
"1346","ES786391","ESR11418"
"1347","ES786392","ESR11419"
"1348","ES786393","ESR11417"
"1349","ES786394","ESR11418"
"1350","ES786395","ESR11419"
"1351","ES786396","ESR11417"
"1352","ES786397","ESR11418"
"1353","ES786398","ESR11419"
"1354","ES786399","ESR11417"
"1355","ES786400","ESR11418"
"1356","ES786401","ESR11419"
"1357","ES786402","ESR11417"
"1358","ES786403","ESR11418"
"1359","ES786404","ESR11419"
"1360","ES786405","ESR11417"
"1361","ES786406","ESR11418"
"1362","ES786407","ESR11419"
"1363","ES786408","ESR11417"
"1364","ES786409","ESR11418"
"1365","ES786410","ESR11419"
"1366","ES786411","ESR11417"
"1367","ES786412","ESR11418"
"1368","ES786413","ESR11419"
"1369","ES786414","ESR11417"
"1370","ES786415","ESR11418"
"1371","ES786416","ESR11419"
"1372","ES786417","ESR11417"
"1373","ES786418","ESR11418"
"1374","ES786419","ESR11419"
"1375","ES786420","ESR11417"
"1376","ES786421","ESR11418"
"1377","ES786422","ESR11419"
"1378","ES786423","ESR11417"
"1379","ES786424","ESR11418"
"1380","ES786425","ESR11419"
"1381","ES786426","ESR11417"
"1382","ES786427","ESR11418"
"1383","ES786428","ESR11419"
"1384","ES786429","ESR11417"
"1385","ES786430","ESR11418"
"1386","ES786431","ESR11419"
"1387","ES786432","ESR11417"
"1388","ES786433","ESR11418"
"1389","ES786434","ESR11419"
"1390","ES786435","ESR11417"
"1391","ES786436","ESR11418"
"1392","ES786437","ESR11419"
"1393","ES786438","ESR11417"
"1394","ES786439","ESR11418"
"1395","ES786440","ESR11419"
"1396","ES786441","ESR11417"
"1397","ES786442","ESR11418"
"1398","ES786443","ESR11419"
"1399","ES786444","ESR11417"
"1400","ES786445","ESR11418"
"1401","ES786446","ESR11419"
"1402","ES786447","ESR11417"
"1403","ES786448","ESR11418"
"1404","ES786449","ESR11419"
"1405","ES786450","ESR11417"
"1406","ES786451","ESR11418"
"1407","ES786452","ESR11419"
"1408","ES786453","ESR11417"
"1409","ES786454","ESR11418"
"1410","ES786455","ESR11419"
"1411","ES786456","ESR11417"
"1412","ES786457","ESR11418"
"1413","ES786458","ESR11419"
"1414","ES786459","ESR11417"
"1415","ES786460","ESR11418"
"1416","ES786461","ESR11419"
"1417","ES786462","ESR11417"
"1418","ES786463","ESR11418"
"1419","ES786464","ESR11419"
"1420","ES786465","ESR11417"
"1421","ES786466","ESR11418"
"1422","ES786467","ESR11419"
"1423","ES786468","ESR11417"
"1424","ES786469","ESR11418"
"1425","ES786470","ESR11419"
"1426","ES786471","ESR11417"
"1427","ES786472","ESR11418"
"1428","ES786473","ESR11419"
"1429","ES786474","ESR11417"
"1430","ES786475","ESR11418"
"1431","ES786476","ESR11419"
"1432","ES786477","ESR11417"
"1433","ES786478","ESR11418"
"1434","ES786479","ESR11419"
"1435","ES786480","ESR11417"
"1436","ES786505","ESR11418"
"1437","ES786506","ESR11419"
"1438","ES786507","ESR11417"
"1439","ES786508","ESR11418"
"1440","ES786509","ESR11419"
"1441","ES786510","ESR11417"
"1442","ES786511","ESR11418"
"1443","ES786512","ESR11419"
"1444","ES786513","ESR11417"
"1445","ES786514","ESR11418"
"1446","ES786515","ESR11419"
"1447","ES786516","ESR11417"
"1448","ES786517","ESR11418"
"1449","ES786518","ESR11419"
"1450","ES786519","ESR11417"
"1451","ES786520","ESR11418"
"1452","ES786521","ESR11419"
"1453","ES786522","ESR11417"
"1454","ES786523","ESR11418"
"1455","ES786524","ESR11419"
"1456","ES786525","ESR11417"
"1457","ES786526","ESR11418"
"1458","ES786527","ESR11419"
"1459","ES786528","ESR11417"
"1460","ES786529","ESR11418"
"1461","ES786530","ESR11419"
"1462","ES786531","ESR11417"
"1463","ES786532","ESR11418"
"1464","ES786533","ESR11419"
"1465","ES786534","ESR11417"
"1466","ES786535","ESR11418"
"1467","ES786536","ESR11419"
"1468","ES786537","ESR11417"
"1469","ES786538","ESR11418"
"1470","ES786539","ESR11419"
"1471","ES786540","ESR11417"
"1472","ES786541","ESR11418"
"1473","ES786542","ESR11419"
"1474","ES786543","ESR11417"
"1475","ES786544","ESR11418"
"1476","ES786545","ESR11419"
"1477","ES786546","ESR11417"
"1478","ES786547","ESR11418"
"1479","ES786548","ESR11419"
"1480","ES786549","ESR11417"
"1481","ES786550","ESR11418"
"1482","ES786551","ESR11419"
"1483","ES786552","ESR11417"
"1484","ES786553","ESR11418"
"1485","ES786554","ESR11419"
"1486","ES786555","ESR11417"
"1487","ES786556","ESR11418"
"1488","ES786557","ESR11419"
"1489","ES786558","ESR11417"
"1490","ES786559","ESR11418"
"1491","ES786560","ESR11419"
"1492","ES786561","ESR11417"
"1493","ES786562","ESR11418"
"1494","ES786563","ESR11419"
"1495","ES786564","ESR11417"
"1496","ES786565","ESR11418"
"1497","ES786566","ESR11419"
"1498","ES786567","ESR11417"
"1499","ES786568","ESR11418"
"1500","ES786569","ESR11419"
"1501","ES786570","ESR11417"
"1502","ES786571","ESR11418"
"1503","ES786572","ESR11419"
"1504","ES786573","ESR11417"
"1505","ES786574","ESR11418"
"1506","ES786575","ESR11419"
"1507","ES786576","ESR11417"
"1508","ES786577","ESR11418"
"1509","ES786578","ESR11419"
"1510","ES786579","ESR11417"
"1511","ES786580","ESR11418"
"1512","ES786581","ESR11419"
"1513","ES786582","ESR11417"
"1514","ES786583","ESR11418"
"1515","ES786584","ESR11419"
"1516","ES786585","ESR11417"
"1517","ES786586","ESR11418"
"1518","ES786587","ESR11419"
"1519","ES786588","ESR11417"
"1520","ES786589","ESR11418"
"1521","ES786590","ESR11419"
"1522","ES786591","ESR11417"
"1523","ES786592","ESR11418"
"1524","ES786593","ESR11419"
"1525","ES786594","ESR11417"
"1526","ES786595","ESR11418"
"1527","ES786596","ESR11419"
"1528","ES786597","ESR11417"
"1529","ES786598","ESR11418"
"1530","ES786599","ESR11419"
"1531","ES786600","ESR11417"
"1532","ES786601","ESR11418"
"1533","ES786602","ESR11419"
"1534","ES786603","ESR11417"
"1535","ES786604","ESR11418"
"1536","ES786605","ESR11419"
"1537","ES786606","ESR11417"
"1538","ES786607","ESR11418"
"1539","ES786608","ESR11419"
"1540","ES786609","ESR11417"
"1541","ES786610","ESR11418"
"1542","ES786611","ESR11419"
"1543","ES786612","ESR11417"
"1544","ES786613","ESR11418"
"1545","ES786614","ESR11419"
"1546","ES786615","ESR11417"
"1547","ES786616","ESR11418"
"1548","ES786617","ESR11419"
"1549","ES786618","ESR11417"
"1550","ES786619","ESR11418"
"1551","ES786620","ESR11419"
"1552","ES786621","ESR11417"
"1553","ES786622","ESR11418"
"1554","ES786623","ESR11419"
"1555","ES786624","ESR11417"
"1556","ES786625","ESR11418"
"1557","ES786626","ESR11419"
"1558","ES786627","ESR11417"
"1559","ES786628","ESR11418"
"1560","ES786629","ESR11419"
"1561","ES786630","ESR11417"
"1562","ES786631","ESR11418"
"1563","ES786632","ESR11419"
"1564","ES786633","ESR11417"
"1565","ES786634","ESR11418"
"1566","ES786635","ESR11419"
"1567","ES786636","ESR11417"
"1568","ES786637","ESR11418"
"1569","ES786638","ESR11419"
"1570","ES786639","ESR11417"
"1571","ES786640","ESR11418"
"1572","ES786641","ESR11419"
"1573","ES786642","ESR11417"
"1574","ES786643","ESR11418"
"1575","ES786644","ESR11419"
"1576","ES786645","ESR11417"
"1577","ES786646","ESR11418"
"1578","ES786647","ESR11419"
"1579","ES786648","ESR11417"
"1580","ES786649","ESR11418"
"1581","ES786650","ESR11419"
"1582","ES786651","ESR11417"
"1583","ES786652","ESR11418"
"1584","ES786653","ESR11419"
"1585","ES786654","ESR11417"
"1586","ES786655","ESR11418"
"1587","ES786656","ESR11419"
"1588","ES786657","ESR11417"
"1589","ES786658","ESR11418"
"1590","ES786659","ESR11419"
"1591","ES786660","ESR11417"
"1592","ES786661","ESR11418"
"1593","ES786662","ESR11419"
"1594","ES786663","ESR11417"
"1595","ES786664","ESR11418"
"1596","ES786665","ESR11419"
"1597","ES786666","ESR11417"
"1598","ES786667","ESR11418"
"1599","ES786668","ESR11419"
"1600","ES786669","ESR11417"
"1601","ES786670","ESR11418"
"1602","ES786671","ESR11419"
"1603","ES786672","ESR11417"
"1604","ES786673","ESR11418"
"1605","ES786674","ESR11419"
"1606","ES786675","ESR11417"
"1607","ES786676","ESR11418"
"1608","ES786677","ESR11419"
"1609","ES786678","ESR11417"
"1610","ES786679","ESR11418"
"1611","ES786680","ESR11419"
"1612","ES786681","ESR11417"
"1613","ES786682","ESR11418"
"1614","ES786683","ESR11419"
"1615","ES786684","ESR11417"
"1616","ES786685","ESR11418"
"1617","ES786686","ESR11419"
"1618","ES786687","ESR11417"
"1619","ES786688","ESR11418"
"1620","ES786689","ESR11419"
"1621","ES786690","ESR11417"
"1622","ES786691","ESR11418"
"1623","ES786692","ESR11419"
"1624","ES786693","ESR11417"
"1625","ES786694","ESR11418"
"1626","ES786695","ESR11419"
"1627","ES786696","ESR11417"
"1628","ES786697","ESR11418"
"1629","ES786698","ESR11419"
"1630","ES786699","ESR11417"
"1631","ES786700","ESR11418"
"1632","ES786701","ESR11419"
"1633","ES786702","ESR11417"
"1634","ES786703","ESR11418"
"1635","ES786704","ESR11419"
"1636","ES786705","ESR11417"
"1637","ES786706","ESR11418"
"1638","ES786707","ESR11419"
"1639","ES799418","ESR12849"
"1640","ES799418","ESR12850"
"1641","ES799418","ESR12851"
"1642","ES799418","ESR12852"
"1643","ES799418","ESR12853"
"1644","ES799418","ESR12854"
"1645","ES799418","ESR12855"
"1646","ES799418","ESR12856"
"1647","ES799418","ESR12857"
"1648","ES799418","ESR12858"
"1649","ES799418","ESR12859"
"1650","ES799419","ESR12849"
"1651","ES799419","ESR12850"
"1652","ES799419","ESR12851"
"1653","ES799419","ESR12852"
"1654","ES799419","ESR12853"
"1655","ES799419","ESR12854"
"1656","ES799419","ESR12855"
"1657","ES799419","ESR12856"
"1658","ES799419","ESR12857"
"1659","ES799419","ESR12858"
"1660","ES799419","ESR12859"
"1661","ES799420","ESR12849"
"1662","ES799420","ESR12850"
"1663","ES799420","ESR12851"
"1664","ES799420","ESR12852"
"1665","ES799420","ESR12853"
"1666","ES799420","ESR12854"
"1667","ES799420","ESR12855"
"1668","ES799420","ESR12856"
"1669","ES799420","ESR12857"
"1670","ES799420","ESR12858"
"1671","ES799420","ESR12859"
"1672","ES799421","ESR12849"
"1673","ES799421","ESR12850"
"1674","ES799421","ESR12851"
"1675","ES799421","ESR12852"
"1676","ES799421","ESR12853"
"1677","ES799421","ESR12854"
"1678","ES799421","ESR12855"
"1679","ES799421","ESR12856"
"1680","ES799421","ESR12857"
"1681","ES799421","ESR12858"
"1682","ES799421","ESR12859"
"1683","ES799422","ESR12849"
"1684","ES799422","ESR12850"
"1685","ES799422","ESR12851"
"1686","ES799422","ESR12852"
"1687","ES799422","ESR12853"
"1688","ES799422","ESR12854"
"1689","ES799422","ESR12855"
"1690","ES799422","ESR12856"
"1691","ES799422","ESR12857"
"1692","ES799422","ESR12858"
"1693","ES799422","ESR12859"
"1694","ES799423","ESR12849"
"1695","ES799423","ESR12850"
"1696","ES799423","ESR12851"
"1697","ES799423","ESR12852"
"1698","ES799423","ESR12853"
"1699","ES799423","ESR12854"
"1700","ES799423","ESR12855"
"1701","ES799423","ESR12856"
"1702","ES799423","ESR12857"
"1703","ES799423","ESR12858"
"1704","ES799423","ESR12859"
"1705","ES799424","ESR12849"
"1706","ES799424","ESR12850"
"1707","ES799424","ESR12851"
"1708","ES799424","ESR12852"
"1709","ES799424","ESR12853"
"1710","ES799424","ESR12854"
"1711","ES799424","ESR12855"
"1712","ES799424","ESR12856"
"1713","ES799424","ESR12857"
"1714","ES799424","ESR12858"
"1715","ES799424","ESR12859"
"1716","ES799425","ESR12849"
"1717","ES799425","ESR12850"
"1718","ES799425","ESR12851"
"1719","ES799425","ESR12852"
"1720","ES799425","ESR12853"
"1721","ES799425","ESR12854"
"1722","ES799425","ESR12855"
"1723","ES799425","ESR12856"
"1724","ES799425","ESR12857"
"1725","ES799425","ESR12858"
"1726","ES799425","ESR12859"
"1727","ES799426","ESR12849"
"1728","ES799426","ESR12850"
"1729","ES799426","ESR12851"
"1730","ES799426","ESR12852"
"1731","ES799426","ESR12853"
"1732","ES799426","ESR12854"
"1733","ES799426","ESR12855"
"1734","ES799426","ESR12856"
"1735","ES799426","ESR12857"
"1736","ES799426","ESR12858"
"1737","ES799426","ESR12859"
"1738","ES799427","ESR12849"
"1739","ES799427","ESR12850"
"1740","ES799427","ESR12851"
"1741","ES799427","ESR12852"
"1742","ES799427","ESR12853"
"1743","ES799427","ESR12854"
"1744","ES799427","ESR12855"
"1745","ES799427","ESR12856"
"1746","ES799427","ESR12857"
"1747","ES799427","ESR12858"
"1748","ES799427","ESR12859"
"1749","ES799428","ESR12849"
"1750","ES799428","ESR12850"
"1751","ES799428","ESR12851"
"1752","ES799428","ESR12852"
"1753","ES799428","ESR12853"
"1754","ES799428","ESR12854"
"1755","ES799428","ESR12855"
"1756","ES799428","ESR12856"
"1757","ES799428","ESR12857"
"1758","ES799428","ESR12858"
"1759","ES799428","ESR12859"
"1760","ES799429","ESR12849"
"1761","ES799429","ESR12850"
"1762","ES799429","ESR12851"
"1763","ES799429","ESR12852"
"1764","ES799429","ESR12853"
"1765","ES799429","ESR12854"
"1766","ES799429","ESR12855"
"1767","ES799429","ESR12856"
"1768","ES799429","ESR12857"
"1769","ES799429","ESR12858"
"1770","ES799429","ESR12859"
"1771","ES799430","ESR12849"
"1772","ES799430","ESR12850"
"1773","ES799430","ESR12851"
"1774","ES799430","ESR12852"
"1775","ES799430","ESR12853"
"1776","ES799430","ESR12854"
"1777","ES799430","ESR12855"
"1778","ES799430","ESR12856"
"1779","ES799430","ESR12857"
"1780","ES799430","ESR12858"
"1781","ES799430","ESR12859"
"1782","ES799431","ESR12849"
"1783","ES799431","ESR12850"
"1784","ES799431","ESR12851"
"1785","ES799431","ESR12852"
"1786","ES799431","ESR12853"
"1787","ES799431","ESR12854"
"1788","ES799431","ESR12855"
"1789","ES799431","ESR12856"
"1790","ES799431","ESR12857"
"1791","ES799431","ESR12858"
"1792","ES799431","ESR12859"
"1793","ES799432","ESR12849"
"1794","ES799432","ESR12850"
"1795","ES799432","ESR12851"
"1796","ES799432","ESR12852"
"1797","ES799432","ESR12853"
"1798","ES799432","ESR12854"
"1799","ES799432","ESR12855"
"1800","ES799432","ESR12856"
"1801","ES799432","ESR12857"
"1802","ES799432","ESR12858"
"1803","ES799432","ESR12859"
"1804","ES799433","ESR12849"
"1805","ES799433","ESR12850"
"1806","ES799433","ESR12851"
"1807","ES799433","ESR12852"
"1808","ES799433","ESR12853"
"1809","ES799433","ESR12854"
"1810","ES799433","ESR12855"
"1811","ES799433","ESR12856"
"1812","ES799433","ESR12857"
"1813","ES799433","ESR12858"
"1814","ES799433","ESR12859"
"1815","ES799434","ESR12849"
"1816","ES799434","ESR12850"
"1817","ES799434","ESR12851"
"1818","ES799434","ESR12852"
"1819","ES799434","ESR12853"
"1820","ES799434","ESR12854"
"1821","ES799434","ESR12855"
"1822","ES799434","ESR12856"
"1823","ES799434","ESR12857"
"1824","ES799434","ESR12858"
"1825","ES799434","ESR12859"
"1826","ES799435","ESR12849"
"1827","ES799435","ESR12850"
"1828","ES799435","ESR12851"
"1829","ES799435","ESR12852"
"1830","ES799435","ESR12853"
"1831","ES799435","ESR12854"
"1832","ES799435","ESR12855"
"1833","ES799435","ESR12856"
"1834","ES799435","ESR12857"
"1835","ES799435","ESR12858"
"1836","ES799435","ESR12859"
"1837","ES799436","ESR12849"
"1838","ES799436","ESR12850"
"1839","ES799436","ESR12851"
"1840","ES799436","ESR12852"
"1841","ES799436","ESR12853"
"1842","ES799436","ESR12854"
"1843","ES799436","ESR12855"
"1844","ES799436","ESR12856"
"1845","ES799436","ESR12857"
"1846","ES799436","ESR12858"
"1847","ES799436","ESR12859"
"1848","ES799437","ESR12849"
"1849","ES799437","ESR12850"
"1850","ES799437","ESR12851"
"1851","ES799437","ESR12852"
"1852","ES799437","ESR12853"
"1853","ES799437","ESR12854"
"1854","ES799437","ESR12855"
"1855","ES799437","ESR12856"
"1856","ES799437","ESR12857"
"1857","ES799437","ESR12858"
"1858","ES799437","ESR12859"
"1859","ES799438","ESR12849"
"1860","ES799438","ESR12850"
"1861","ES799438","ESR12851"
"1862","ES799438","ESR12852"
"1863","ES799438","ESR12853"
"1864","ES799438","ESR12854"
"1865","ES799438","ESR12855"
"1866","ES799438","ESR12856"
"1867","ES799438","ESR12857"
"1868","ES799438","ESR12858"
"1869","ES799438","ESR12859"
"1870","ES799439","ESR12849"
"1871","ES799439","ESR12850"
"1872","ES799439","ESR12851"
"1873","ES799439","ESR12852"
"1874","ES799439","ESR12853"
"1875","ES799439","ESR12854"
"1876","ES799439","ESR12855"
"1877","ES799439","ESR12856"
"1878","ES799439","ESR12857"
"1879","ES799439","ESR12858"
"1880","ES799439","ESR12859"
"1881","ES799440","ESR12849"
"1882","ES799440","ESR12850"
"1883","ES799440","ESR12851"
"1884","ES799440","ESR12852"
"1885","ES799440","ESR12853"
"1886","ES799440","ESR12854"
"1887","ES799440","ESR12855"
"1888","ES799440","ESR12856"
"1889","ES799440","ESR12857"
"1890","ES799440","ESR12858"
"1891","ES799440","ESR12859"
"1892","ES799441","ESR12849"
"1893","ES799441","ESR12850"
"1894","ES799441","ESR12851"
"1895","ES799441","ESR12852"
"1896","ES799441","ESR12853"
"1897","ES799441","ESR12854"
"1898","ES799441","ESR12855"
"1899","ES799441","ESR12856"
"1900","ES799441","ESR12857"
"1901","ES799441","ESR12858"
"1902","ES799441","ESR12859"
"1903","ES799442","ESR12849"
"1904","ES799442","ESR12850"
"1905","ES799442","ESR12851"
"1906","ES799442","ESR12852"
"1907","ES799442","ESR12853"
"1908","ES799442","ESR12854"
"1909","ES799442","ESR12855"
"1910","ES799442","ESR12856"
"1911","ES799442","ESR12857"
"1912","ES799442","ESR12858"
"1913","ES799442","ESR12859"
"1914","ES799443","ESR12849"
"1915","ES799443","ESR12850"
"1916","ES799443","ESR12851"
"1917","ES799443","ESR12852"
"1918","ES799443","ESR12853"
"1919","ES799443","ESR12854"
"1920","ES799443","ESR12855"
"1921","ES799443","ESR12856"
"1922","ES799443","ESR12857"
"1923","ES799443","ESR12858"
"1924","ES799443","ESR12859"
"1925","ES799444","ESR12849"
"1926","ES799444","ESR12850"
"1927","ES799444","ESR12851"
"1928","ES799444","ESR12852"
"1929","ES799444","ESR12853"
"1930","ES799444","ESR12854"
"1931","ES799444","ESR12855"
"1932","ES799444","ESR12856"
"1933","ES799444","ESR12857"
"1934","ES799444","ESR12858"
"1935","ES799444","ESR12859"
"1936","ES799445","ESR12849"
"1937","ES799445","ESR12850"
"1938","ES799445","ESR12851"
"1939","ES799445","ESR12852"
"1940","ES799445","ESR12853"
"1941","ES799445","ESR12854"
"1942","ES799445","ESR12855"
"1943","ES799445","ESR12856"
"1944","ES799445","ESR12857"
"1945","ES799445","ESR12858"
"1946","ES799445","ESR12859"
"1947","ES799446","ESR12849"
"1948","ES799446","ESR12850"
"1949","ES799446","ESR12851"
"1950","ES799446","ESR12852"
"1951","ES799446","ESR12853"
"1952","ES799446","ESR12854"
"1953","ES799446","ESR12855"
"1954","ES799446","ESR12856"
"1955","ES799446","ESR12857"
"1956","ES799446","ESR12858"
"1957","ES799446","ESR12859"
"1958","ES799447","ESR12849"
"1959","ES799447","ESR12850"
"1960","ES799447","ESR12851"
"1961","ES799447","ESR12852"
"1962","ES799447","ESR12853"
"1963","ES799447","ESR12854"
"1964","ES799447","ESR12855"
"1965","ES799447","ESR12856"
"1966","ES799447","ESR12857"
"1967","ES799447","ESR12858"
"1968","ES799447","ESR12859"
"1969","ES799448","ESR12849"
"1970","ES799448","ESR12850"
"1971","ES799448","ESR12851"
"1972","ES799448","ESR12852"
"1973","ES799448","ESR12853"
"1974","ES799448","ESR12854"
"1975","ES799448","ESR12855"
"1976","ES799448","ESR12856"
"1977","ES799448","ESR12857"
"1978","ES799448","ESR12858"
"1979","ES799448","ESR12859"
"1980","ES799449","ESR12849"
"1981","ES799449","ESR12850"
"1982","ES799449","ESR12851"
"1983","ES799449","ESR12852"
"1984","ES799449","ESR12853"
"1985","ES799449","ESR12854"
"1986","ES799449","ESR12855"
"1987","ES799449","ESR12856"
"1988","ES799449","ESR12857"
"1989","ES799449","ESR12858"
"1990","ES799449","ESR12859"
"1991","ES799450","ESR12849"
"1992","ES799450","ESR12850"
"1993","ES799450","ESR12851"
"1994","ES799450","ESR12852"
"1995","ES799450","ESR12853"
"1996","ES799450","ESR12854"
"1997","ES799450","ESR12855"
"1998","ES799450","ESR12856"
"1999","ES799450","ESR12857"
"2000","ES799450","ESR12858"
"2001","ES799450","ESR12859"
"2002","ES799451","ESR12849"
"2003","ES799451","ESR12850"
"2004","ES799451","ESR12851"
"2005","ES799451","ESR12852"
"2006","ES799451","ESR12853"
"2007","ES799451","ESR12854"
"2008","ES799451","ESR12855"
"2009","ES799451","ESR12856"
"2010","ES799451","ESR12857"
"2011","ES799451","ESR12858"
"2012","ES799451","ESR12859"
"2013","ES799452","ESR12849"
"2014","ES799452","ESR12850"
"2015","ES799452","ESR12851"
"2016","ES799452","ESR12852"
"2017","ES799452","ESR12853"
"2018","ES799452","ESR12854"
"2019","ES799452","ESR12855"
"2020","ES799452","ESR12856"
"2021","ES799452","ESR12857"
"2022","ES799452","ESR12858"
"2023","ES799452","ESR12859"
"2024","ES799453","ESR12849"
"2025","ES799453","ESR12850"
"2026","ES799453","ESR12851"
"2027","ES799453","ESR12852"
"2028","ES799453","ESR12853"
"2029","ES799453","ESR12854"
"2030","ES799453","ESR12855"
"2031","ES799453","ESR12856"
"2032","ES799453","ESR12857"
"2033","ES799453","ESR12858"
"2034","ES799453","ESR12859"
"2035","ES799454","ESR12849"
"2036","ES799454","ESR12850"
"2037","ES799454","ESR12851"
"2038","ES799454","ESR12852"
"2039","ES799454","ESR12853"
"2040","ES799454","ESR12854"
"2041","ES799454","ESR12855"
"2042","ES799454","ESR12856"
"2043","ES799454","ESR12857"
"2044","ES799454","ESR12858"
"2045","ES799454","ESR12859"
"2046","ES799455","ESR12849"
"2047","ES799455","ESR12850"
"2048","ES799455","ESR12851"
"2049","ES799455","ESR12852"
"2050","ES799455","ESR12853"
"2051","ES799455","ESR12854"
"2052","ES799455","ESR12855"
"2053","ES799455","ESR12856"
"2054","ES799455","ESR12857"
"2055","ES799455","ESR12858"
"2056","ES799455","ESR12859"
"2057","ES799456","ESR12849"
"2058","ES799456","ESR12850"
"2059","ES799456","ESR12851"
"2060","ES799456","ESR12852"
"2061","ES799456","ESR12853"
"2062","ES799456","ESR12854"
"2063","ES799456","ESR12855"
"2064","ES799456","ESR12856"
"2065","ES799456","ESR12857"
"2066","ES799456","ESR12858"
"2067","ES799456","ESR12859"
"2068","ES799457","ESR12849"
"2069","ES799457","ESR12850"
"2070","ES799457","ESR12851"
"2071","ES799457","ESR12852"
"2072","ES799457","ESR12853"
"2073","ES799457","ESR12854"
"2074","ES799457","ESR12855"
"2075","ES799457","ESR12856"
"2076","ES799457","ESR12857"
"2077","ES799457","ESR12858"
"2078","ES799457","ESR12859"
"2079","ES799458","ESR12849"
"2080","ES799458","ESR12850"
"2081","ES799458","ESR12851"
"2082","ES799458","ESR12852"
"2083","ES799458","ESR12853"
"2084","ES799458","ESR12854"
"2085","ES799458","ESR12855"
"2086","ES799458","ESR12856"
"2087","ES799458","ESR12857"
"2088","ES799458","ESR12858"
"2089","ES799458","ESR12859"
"2090","ES799459","ESR12849"
"2091","ES799459","ESR12850"
"2092","ES799459","ESR12851"
"2093","ES799459","ESR12852"
"2094","ES799459","ESR12853"
"2095","ES799459","ESR12854"
"2096","ES799459","ESR12855"
"2097","ES799459","ESR12856"
"2098","ES799459","ESR12857"
"2099","ES799459","ESR12858"
"2100","ES799459","ESR12859"
"2101","ES823377","ESR14772"
"2102","ES823378","ESR14772"
"2103","ES823379","ESR14772"
"2104","ES823380","ESR14772"
"2105","ES823381","ESR14772"
"2106","ES823382","ESR14772"
"2107","ES823383","ESR14772"
"2108","ES823384","ESR14772"
"2109","ES823385","ESR14772"
"2110","ES823386","ESR14772"
"2111","ES823387","ESR14772"
"2112","ES823388","ESR14772"
"2113","ES823389","ESR14772"
"2114","ES823390","ESR14772"
"2115","ES823391","ESR14772"
"2116","ES823392","ESR14772"
"2117","ES823393","ESR14772"
"2118","ES823394","ESR14772"
"2119","ES823395","ESR14772"
"2120","ES823396","ESR14772"
"2121","ES823397","ESR14772"
"2122","ES823398","ESR14772"
"2123","ES823399","ESR14772"
"2124","ES823400","ESR14772"
"2125","ES823401","ESR14772"
"2126","ES823402","ESR14772"
"2127","ES823403","ESR14772"
"2128","ES823404","ESR14772"
"2129","ES823405","ESR14772"
"2130","ES823406","ESR14772"
"2131","ES823407","ESR14772"
"2132","ES823408","ESR14772"
"2133","ES823409","ESR14772"
"2134","ES823410","ESR14772"
"2135","ES823411","ESR14772"
"2136","ES823412","ESR14772"
